2025-12-01T02:21:18.001 application=api_v2 request_id=GHz2CkWpIoVphDICgWwD [info] Sent 501 in 102µs on GET /api/v2/proxy/account-abstraction/status?
2025-12-01T02:21:23.013 application=api_v2 request_id=GHz2C2_zDwnr_2ECgW9j [info] Sent 200 in 7ms on GET /api/v2/main-page/indexing-status?
2025-12-01T02:21:23.016 application=api_v2 request_id=GHz2C3CKMmWpOQsCfpPm [info] Sent 501 in 92µs on GET /api/v2/proxy/account-abstraction/status?
2025-12-01T02:21:28.027 application=api_v2 request_id=GHz2DJrJBgspEssCfphG [info] Sent 200 in 7ms on GET /api/v2/main-page/indexing-status?
2025-12-01T02:21:28.030 application=api_v2 request_id=GHz2DJtnr-QeVb0Cfphm [info] Sent 501 in 79µs on GET /api/v2/proxy/account-abstraction/status?
2025-12-01T02:21:33.042 application=api_v2 request_id=GHz2DcW386buOpYCf5Bi [info] Sent 200 in 7ms on GET /api/v2/main-page/indexing-status?
2025-12-01T02:21:33.045 application=api_v2 request_id=GHz2DcZWp1saMJ0CfpwG [info] Sent 501 in 97µs on GET /api/v2/proxy/account-abstraction/status?
2025-12-01T02:21:38.055 application=api_v2 request_id=GHz2DvCQagxr08gCfp7G [info] Sent 200 in 6ms on GET /api/v2/main-page/indexing-status?
2025-12-01T02:21:38.058 application=api_v2 request_id=GHz2DvEfW82QRSECfp7m [info] Sent 501 in 70µs on GET /api/v2/proxy/account-abstraction/status?
2025-12-01T02:21:43.069 application=api_v2 request_id=GHz2EBtdUmCkPvoCfqGG [info] Sent 200 in 7ms on GET /api/v2/main-page/indexing-status?
2025-12-01T02:21:43.071 application=api_v2 request_id=GHz2EBv2NUgaN1wCfqGm [info] Sent 501 in 80µs on GET /api/v2/proxy/account-abstraction/status?
2025-12-01T02:21:48.083 application=api_v2 request_id=GHz2EUY3aIZv8RMCfqam [info] Sent 200 in 7ms on GET /api/v2/main-page/indexing-status?
2025-12-01T02:21:48.085 application=api_v2 request_id=GHz2EUbLOgNvZRYCfqbG [info] Sent 501 in 80µs on GET /api/v2/proxy/account-abstraction/status?
2025-12-01T02:21:53.095 application=api_v2 request_id=GHz2EnD_u22sFQACfqom [info] Sent 200 in 7ms on GET /api/v2/main-page/indexing-status?
2025-12-01T02:21:53.098 application=api_v2 request_id=GHz2EnGThSJEhCECfqpG [info] Sent 501 in 81µs on GET /api/v2/proxy/account-abstraction/status?
2025-12-01T02:21:58.107 application=api_v2 request_id=GHz2E5vHRhyg3m4Csrlh [info] Sent 200 in 5ms on GET /api/v2/main-page/indexing-status?
2025-12-01T02:21:58.109 application=api_v2 request_id=GHz2E5xFZKstuvoCsrmB [info] Sent 501 in 71µs on GET /api/v2/proxy/account-abstraction/status?
2025-12-01T02:22:03.120 application=api_v2 request_id=GHz2FMaD9CDK7ywCsr6h [info] Sent 200 in 7ms on GET /api/v2/main-page/indexing-status?
2025-12-01T02:22:03.123 application=api_v2 request_id=GHz2FMcasO9esJQCfrUG [info] Sent 501 in 96µs on GET /api/v2/proxy/account-abstraction/status?
2025-12-01T02:22:08.134 application=api_v2 request_id=GHz2FfFdi0XRv98Cfr0G [info] Sent 200 in 7ms on GET /api/v2/main-page/indexing-status?
2025-12-01T02:22:08.136 application=api_v2 request_id=GHz2FfHy6NwV7U4Cfr0m [info] Sent 501 in 79µs on GET /api/v2/proxy/account-abstraction/status?
2025-12-01T02:22:13.145 application=api_v2 request_id=GHz2Fxwz9zEwg2QCfsHG [info] Sent 200 in 4ms on GET /api/v2/main-page/indexing-status?
2025-12-01T02:22:13.147 application=api_v2 request_id=GHz2FxyY2vJL-NECfsHm [info] Sent 501 in 54µs on GET /api/v2/proxy/account-abstraction/status?
2025-12-01T02:22:18.154 application=api_v2 request_id=GHz2GEbONDgiaKICfstG [info] Sent 200 in 4ms on GET /api/v2/main-page/indexing-status?
2025-12-01T02:22:18.156 application=api_v2 request_id=GHz2GEcofhQN5uMCgaOD [info] Sent 501 in 41µs on GET /api/v2/proxy/account-abstraction/status?
2025-12-01T02:22:23.167 application=api_v2 request_id=GHz2GXFk6nBrYFECgakD [info] Sent 200 in 7ms on GET /api/v2/main-page/indexing-status?
2025-12-01T02:22:23.169 application=api_v2 request_id=GHz2GXH8GYbhtO4CftTG [info] Sent 501 in 79µs on GET /api/v2/proxy/account-abstraction/status?
2025-12-01T02:22:28.181 application=api_v2 request_id=GHz2Gpw8Rd3FIPICftfm [info] Sent 200 in 7ms on GET /api/v2/main-page/indexing-status?
2025-12-01T02:22:28.183 application=api_v2 request_id=GHz2GpzXsApSIj0Cga3j [info] Sent 501 in 103µs on GET /api/v2/proxy/account-abstraction/status?
2025-12-01T02:22:33.195 application=api_v2 request_id=GHz2G8caz24VT2UCgbCj [info] Sent 200 in 7ms on GET /api/v2/main-page/indexing-status?
2025-12-01T02:22:33.198 application=api_v2 request_id=GHz2G8e3bKly-ycCgbDD [info] Sent 501 in 102µs on GET /api/v2/proxy/account-abstraction/status?
2025-12-01T02:22:38.209 application=api_v2 request_id=GHz2HPHzuJU0p5oCgbIj [info] Sent 200 in 7ms on GET /api/v2/main-page/indexing-status?
2025-12-01T02:22:38.211 application=api_v2 request_id=GHz2HPKLh9InRuQCgbJD [info] Sent 501 in 94µs on GET /api/v2/proxy/account-abstraction/status?
2025-12-01T02:22:43.223 application=api_v2 request_id=GHz2HhzK7szVxxYCgbTD [info] Sent 200 in 7ms on GET /api/v2/main-page/indexing-status?
2025-12-01T02:22:43.225 application=api_v2 request_id=GHz2Hh1q_WlbGJQCgbTj [info] Sent 501 in 79µs on GET /api/v2/proxy/account-abstraction/status?
2025-12-01T02:22:48.237 application=api_v2 request_id=GHz2H0em4kh1lPwCgbrD [info] Sent 200 in 7ms on GET /api/v2/main-page/indexing-status?
2025-12-01T02:22:48.240 application=api_v2 request_id=GHz2H0hLxLTKYogCgbrj [info] Sent 501 in 78µs on GET /api/v2/proxy/account-abstraction/status?
2025-12-01T02:22:53.251 application=api_v2 request_id=GHz2IHKLwUVlnhwCgcAj [info] Sent 200 in 7ms on GET /api/v2/main-page/indexing-status?
2025-12-01T02:22:53.254 application=api_v2 request_id=GHz2IHMtMCxDOj4CgcBD [info] Sent 501 in 78µs on GET /api/v2/proxy/account-abstraction/status?
2025-12-01T02:22:58.265 application=api_v2 request_id=GHz2IZ1hHWXvuJUCgcRD [info] Sent 200 in 7ms on GET /api/v2/main-page/indexing-status?
2025-12-01T02:22:58.267 application=api_v2 request_id=GHz2IZ38w8qSURICgcRj [info] Sent 501 in 77µs on GET /api/v2/proxy/account-abstraction/status?
2025-12-01T02:23:03.278 application=api_v2 request_id=GHz2Isg8XryHOL4CgcZD [info] Sent 200 in 7ms on GET /api/v2/main-page/indexing-status?
2025-12-01T02:23:03.281 application=api_v2 request_id=GHz2IsjRG1AXD7QCgcZj [info] Sent 501 in 79µs on GET /api/v2/proxy/account-abstraction/status?
2025-12-01T02:23:08.292 application=api_v2 request_id=GHz2I_MO7S5GWh4Cgcfj [info] Sent 200 in 7ms on GET /api/v2/main-page/indexing-status?
2025-12-01T02:23:08.295 application=api_v2 request_id=GHz2I_OrVWFu3yYCgcgD [info] Sent 501 in 74µs on GET /api/v2/proxy/account-abstraction/status?
2025-12-01T02:23:13.306 application=api_v2 request_id=GHz2JR3nPrZUnjUCgcmD [info] Sent 200 in 7ms on GET /api/v2/main-page/indexing-status?
2025-12-01T02:23:13.309 application=api_v2 request_id=GHz2JR6Fnfhc4JUCfvGm [info] Sent 501 in 80µs on GET /api/v2/proxy/account-abstraction/status?
2025-12-01T02:23:18.320 application=api_v2 request_id=GHz2JkjIjuR4rtwCgcqj [info] Sent 200 in 7ms on GET /api/v2/main-page/indexing-status?
2025-12-01T02:23:18.323 application=api_v2 request_id=GHz2Jklf6OfMVoMCgcrD [info] Sent 501 in 93µs on GET /api/v2/proxy/account-abstraction/status?
2025-12-01T02:23:23.333 application=api_v2 request_id=GHz2J3OgqTzbG4ECgdFD [info] Sent 200 in 6ms on GET /api/v2/main-page/indexing-status?
2025-12-01T02:23:23.335 application=api_v2 request_id=GHz2J3QmbyKNQBwCdL5H [info] Sent 501 in 62µs on GET /api/v2/proxy/account-abstraction/status?
2025-12-01T02:23:28.347 application=api_v2 request_id=GHz2KJ5kdmcF6_0Cfv1m [info] Sent 200 in 7ms on GET /api/v2/main-page/indexing-status?
2025-12-01T02:23:28.349 application=api_v2 request_id=GHz2KJ8Dj83XZ-ECfv2G [info] Sent 501 in 80µs on GET /api/v2/proxy/account-abstraction/status?
2025-12-01T02:23:33.360 application=api_v2 request_id=GHz2KclCNgHMA00CfwVG [info] Sent 200 in 7ms on GET /api/v2/main-page/indexing-status?
2025-12-01T02:23:33.363 application=api_v2 request_id=GHz2KcnaN0bh4AACfwVm [info] Sent 501 in 79µs on GET /api/v2/proxy/account-abstraction/status?
2025-12-01T02:23:38.374 application=api_v2 request_id=GHz2KvQRpkjmUoMCKQVI [info] Sent 200 in 7ms on GET /api/v2/main-page/indexing-status?
2025-12-01T02:23:38.376 application=api_v2 request_id=GHz2KvSrKUD_gEYCKQVo [info] Sent 501 in 77µs on GET /api/v2/proxy/account-abstraction/status?
2025-12-01T02:23:43.387 application=api_v2 request_id=GHz2LB7qpbHc_EkCKQao [info] Sent 200 in 7ms on GET /api/v2/main-page/indexing-status?
2025-12-01T02:23:43.390 application=api_v2 request_id=GHz2LB-CSir9StQCfxGG [info] Sent 501 in 80µs on GET /api/v2/proxy/account-abstraction/status?
2025-12-01T02:23:48.401 application=api_v2 request_id=GHz2LUm6DwAGE5ECfxhG [info] Sent 200 in 7ms on GET /api/v2/main-page/indexing-status?
2025-12-01T02:23:48.403 application=api_v2 request_id=GHz2LUpU8QnfFm4CKQtI [info] Sent 501 in 72µs on GET /api/v2/proxy/account-abstraction/status?
2025-12-01T02:23:53.412 application=api_v2 request_id=GHz2LnSV07v9DKQCsxIB [info] Sent 200 in 4ms on GET /api/v2/main-page/indexing-status?
2025-12-01T02:23:53.414 application=api_v2 request_id=GHz2LnT5uVrsbyUCfxyG [info] Sent 501 in 52µs on GET /api/v2/proxy/account-abstraction/status?
2025-12-01T02:23:58.425 application=api_v2 request_id=GHz2L58y25t4iX8CsxXB [info] Sent 200 in 7ms on GET /api/v2/main-page/indexing-status?
2025-12-01T02:23:58.427 application=api_v2 request_id=GHz2L5_N4CtHu0gCsxXh [info] Sent 501 in 84µs on GET /api/v2/proxy/account-abstraction/status?
2025-12-01T02:24:03.434 application=api_v2 request_id=GHz2MMoHyqu1pjYCsxtB [info] Sent 200 in 3ms on GET /api/v2/main-page/indexing-status?
2025-12-01T02:24:03.436 application=api_v2 request_id=GHz2MMpcgvK4Zw4Csxth [info] Sent 501 in 60µs on GET /api/v2/proxy/account-abstraction/status?
2025-12-01T02:24:08.447 application=api_v2 request_id=GHz2MfSVCWUI638CsyEh [info] Sent 200 in 7ms on GET /api/v2/main-page/indexing-status?
2025-12-01T02:24:08.450 application=api_v2 request_id=GHz2MfUxX_MW0G8CgfID [info] Sent 501 in 80µs on GET /api/v2/proxy/account-abstraction/status?
2025-12-01T02:24:13.461 application=api_v2 request_id=GHz2Mx9phCIJamcCsyPh [info] Sent 200 in 8ms on GET /api/v2/main-page/indexing-status?
2025-12-01T02:24:13.464 application=api_v2 request_id=GHz2MyAJKWwwZKMCfy2G [info] Sent 501 in 84µs on GET /api/v2/proxy/account-abstraction/status?
2025-12-01T02:24:18.475 application=api_v2 request_id=GHz2NEpLJxaxrZwCfzNG [info] Sent 200 in 7ms on GET /api/v2/main-page/indexing-status?
2025-12-01T02:24:18.478 application=api_v2 request_id=GHz2NErjTqp6SSYCfzNm [info] Sent 501 in 77µs on GET /api/v2/proxy/account-abstraction/status?
2025-12-01T02:24:23.489 application=api_v2 request_id=GHz2NXUkR_Hprf4CfzcG [info] Sent 200 in 7ms on GET /api/v2/main-page/indexing-status?
2025-12-01T02:24:23.492 application=api_v2 request_id=GHz2NXXD3MmMSiECfzcm [info] Sent 501 in 80µs on GET /api/v2/proxy/account-abstraction/status?
2025-12-01T02:24:28.500 application=api_v2 request_id=GHz2Np_8J_mj1XsCfzrm [info] Sent 200 in 4ms on GET /api/v2/main-page/indexing-status?
2025-12-01T02:24:28.501 application=api_v2 request_id=GHz2NqBb21iRh94CfzsG [info] Sent 501 in 62µs on GET /api/v2/proxy/account-abstraction/status?
2025-12-01T02:24:33.511 application=api_v2 request_id=GHz2N8qW7lYilmoCfz-m [info] Sent 200 in 6ms on GET /api/v2/main-page/indexing-status?
2025-12-01T02:24:33.514 application=api_v2 request_id=GHz2N8seg3WaeuACfz_G [info] Sent 501 in 71µs on GET /api/v2/proxy/account-abstraction/status?
2025-12-01T02:24:38.526 application=api_v2 request_id=GHz2OPViVog7hRICf0QG [info] Sent 200 in 7ms on GET /api/v2/main-page/indexing-status?
2025-12-01T02:24:38.528 application=api_v2 request_id=GHz2OPYA8sXlrhcCf0Qm [info] Sent 501 in 100µs on GET /api/v2/proxy/account-abstraction/status?
2025-12-01T02:24:43.542 application=api_v2 request_id=GHz2OiBGXRx6ZiMCgCDi [info] Sent 200 in 9ms on GET /api/v2/main-page/indexing-status?
2025-12-01T02:24:43.545 application=api_v2 request_id=GHz2OiEBsAoP8mwCgCEC [info] Sent 501 in 115µs on GET /api/v2/proxy/account-abstraction/status?
2025-12-01T02:24:48.556 application=api_v2 request_id=GHz2O0tAu_W-7egCf0wG [info] Sent 200 in 7ms on GET /api/v2/main-page/indexing-status?
2025-12-01T02:24:48.559 application=api_v2 request_id=GHz2O0vdRKekLPECf0wm [info] Sent 501 in 74µs on GET /api/v2/proxy/account-abstraction/status?
2025-12-01T02:24:53.571 application=api_v2 request_id=GHz2PHYeDB_awBoCf05m [info] Sent 200 in 8ms on GET /api/v2/main-page/indexing-status?
2025-12-01T02:24:53.574 application=api_v2 request_id=GHz2PHbJRzWNOzMCf06G [info] Sent 501 in 78µs on GET /api/v2/proxy/account-abstraction/status?
2025-12-01T02:24:58.586 application=api_v2 request_id=GHz2PaEFOWYVyQwCsz9B [info] Sent 200 in 8ms on GET /api/v2/main-page/indexing-status?
2025-12-01T02:24:58.588 application=api_v2 request_id=GHz2PaGmvqQwV90Cf1Mm [info] Sent 501 in 63µs on GET /api/v2/proxy/account-abstraction/status?
2025-12-01T02:25:03.600 application=api_v2 request_id=GHz2PsvgXUlhqpQCf1Zm [info] Sent 200 in 8ms on GET /api/v2/main-page/indexing-status?
2025-12-01T02:25:03.603 application=api_v2 request_id=GHz2PsyKw2DdYeoCgh-D [info] Sent 501 in 124µs on GET /api/v2/proxy/account-abstraction/status?
2025-12-01T02:25:08.614 application=api_v2 request_id=GHz2P_bPPgz8_nECgiOj [info] Sent 200 in 7ms on GET /api/v2/main-page/indexing-status?
2025-12-01T02:25:08.616 application=api_v2 request_id=GHz2P_dk35BAMk0CgiPD [info] Sent 501 in 76µs on GET /api/v2/proxy/account-abstraction/status?
2025-12-01T02:25:13.628 application=api_v2 request_id=GHz2QSGoUPPVRCcCgiqD [info] Sent 200 in 7ms on GET /api/v2/main-page/indexing-status?
2025-12-01T02:25:13.630 application=api_v2 request_id=GHz2QSJCH0Ej3rcCKRwo [info] Sent 501 in 72µs on GET /api/v2/proxy/account-abstraction/status?
2025-12-01T02:25:18.642 application=api_v2 request_id=GHz2QkyCTHPCIX8Cf17m [info] Sent 200 in 7ms on GET /api/v2/main-page/indexing-status?
2025-12-01T02:25:18.645 application=api_v2 request_id=GHz2Qk0gNhXLcNcCf18G [info] Sent 501 in 100µs on GET /api/v2/proxy/account-abstraction/status?
2025-12-01T02:25:23.657 application=api_v2 request_id=GHz2Q3dllwZxapICs1oh [info] Sent 200 in 8ms on GET /api/v2/main-page/indexing-status?
2025-12-01T02:25:23.660 application=api_v2 request_id=GHz2Q3gQwTS8K6cCf2VG [info] Sent 501 in 79µs on GET /api/v2/proxy/account-abstraction/status?
2025-12-01T02:25:28.670 application=api_v2 request_id=GHz2RKJPD_VxxIcCf2nG [info] Sent 200 in 6ms on GET /api/v2/main-page/indexing-status?
2025-12-01T02:25:28.673 application=api_v2 request_id=GHz2RKLg-ik3vocCgjtj [info] Sent 501 in 111µs on GET /api/v2/proxy/account-abstraction/status?
2025-12-01T02:25:33.684 application=api_v2 request_id=GHz2Rc0kWeJaLKQCgj1D [info] Sent 200 in 7ms on GET /api/v2/main-page/indexing-status?
2025-12-01T02:25:33.687 application=api_v2 request_id=GHz2Rc24DCvAO2wCf26m [info] Sent 501 in 80µs on GET /api/v2/proxy/account-abstraction/status?
2025-12-01T02:25:38.698 application=api_v2 request_id=GHz2Rvf05pt_F4QCf3Om [info] Sent 200 in 7ms on GET /api/v2/main-page/indexing-status?
2025-12-01T02:25:38.700 application=api_v2 request_id=GHz2RviKiiE46DcCf3PG [info] Sent 501 in 63µs on GET /api/v2/proxy/account-abstraction/status?
2025-12-01T02:25:43.708 application=api_v2 request_id=GHz2SCLHPnKgGawCf3sm [info] Sent 200 in 4ms on GET /api/v2/main-page/indexing-status?
2025-12-01T02:25:43.710 application=api_v2 request_id=GHz2SCMgqlOa8PQCf3tG [info] Sent 501 in 72µs on GET /api/v2/proxy/account-abstraction/status?
2025-12-01T02:25:48.721 application=api_v2 request_id=GHz2SU1aA6Q9FcUCf3-m [info] Sent 200 in 7ms on GET /api/v2/main-page/indexing-status?
2025-12-01T02:25:48.723 application=api_v2 request_id=GHz2SU3203OVuVACf3_G [info] Sent 501 in 80µs on GET /api/v2/proxy/account-abstraction/status?
2025-12-01T02:25:53.735 application=api_v2 request_id=GHz2Sng4dYddBxsChLql [info] Sent 200 in 7ms on GET /api/v2/main-page/indexing-status?
2025-12-01T02:25:53.738 application=api_v2 request_id=GHz2SnjVlnaEeVQChLrF [info] Sent 501 in 109µs on GET /api/v2/proxy/account-abstraction/status?
2025-12-01T02:25:58.748 application=api_v2 request_id=GHz2S6MPyhvDogwCf4WG [info] Sent 200 in 6ms on GET /api/v2/main-page/indexing-status?
2025-12-01T02:25:58.750 application=api_v2 request_id=GHz2S6Oa8pXwuY4ChL-l [info] Sent 501 in 77µs on GET /api/v2/proxy/account-abstraction/status?
2025-12-01T02:26:03.762 application=api_v2 request_id=GHz2TM3Y7dRwYsgChMGF [info] Sent 200 in 8ms on GET /api/v2/main-page/indexing-status?
2025-12-01T02:26:03.764 application=api_v2 request_id=GHz2TM55Qj7h8x0ChMGl [info] Sent 501 in 77µs on GET /api/v2/proxy/account-abstraction/status?
2025-12-01T02:26:08.776 application=api_v2 request_id=GHz2Tfi_pB_rd18ChMQl [info] Sent 200 in 7ms on GET /api/v2/main-page/indexing-status?
2025-12-01T02:26:08.779 application=api_v2 request_id=GHz2TflamIirteUChMRF [info] Sent 501 in 78µs on GET /api/v2/proxy/account-abstraction/status?
2025-12-01T02:26:13.790 application=api_v2 request_id=GHz2TyObm6ZUW3wChMqF [info] Sent 200 in 7ms on GET /api/v2/main-page/indexing-status?
2025-12-01T02:26:13.793 application=api_v2 request_id=GHz2TyQ3QgzaDDwChMql [info] Sent 501 in 77µs on GET /api/v2/proxy/account-abstraction/status?
2025-12-01T02:26:18.804 application=api_v2 request_id=GHz2UE5shN30aBkChM4l [info] Sent 200 in 8ms on GET /api/v2/main-page/indexing-status?
2025-12-01T02:26:18.807 application=api_v2 request_id=GHz2UE8QIOde4G8ChM5F [info] Sent 501 in 83µs on GET /api/v2/proxy/account-abstraction/status?
2025-12-01T02:26:23.818 application=api_v2 request_id=GHz2UXlPzKDKvRAChM-l [info] Sent 200 in 7ms on GET /api/v2/main-page/indexing-status?
2025-12-01T02:26:23.821 application=api_v2 request_id=GHz2UXnq6k2VnSMChM_F [info] Sent 501 in 111µs on GET /api/v2/proxy/account-abstraction/status?
2025-12-01T02:26:28.832 application=api_v2 request_id=GHz2UqQwi7GFhtMChNHl [info] Sent 200 in 7ms on GET /api/v2/main-page/indexing-status?
2025-12-01T02:26:28.835 application=api_v2 request_id=GHz2UqTFnJ2lEnUChNIF [info] Sent 501 in 77µs on GET /api/v2/proxy/account-abstraction/status?
2025-12-01T02:26:33.846 application=api_v2 request_id=GHz2U88AF35N_N4ChNLl [info] Sent 200 in 7ms on GET /api/v2/main-page/indexing-status?
2025-12-01T02:26:33.848 application=api_v2 request_id=GHz2U8-c8M4rOD8ChNMF [info] Sent 501 in 78µs on GET /api/v2/proxy/account-abstraction/status?
2025-12-01T02:26:38.860 application=api_v2 request_id=GHz2VPnd8zz2CkwChNPF [info] Sent 200 in 7ms on GET /api/v2/main-page/indexing-status?
2025-12-01T02:26:38.863 application=api_v2 request_id=GHz2VPp89nf22MgChNPl [info] Sent 501 in 111µs on GET /api/v2/proxy/account-abstraction/status?
2025-12-01T02:26:43.874 application=api_v2 request_id=GHz2ViS-Fg3ub6QChNRF [info] Sent 200 in 7ms on GET /api/v2/main-page/indexing-status?
2025-12-01T02:26:43.877 application=api_v2 request_id=GHz2ViVbfqT6YZsChNRl [info] Sent 501 in 82µs on GET /api/v2/proxy/account-abstraction/status?
2025-12-01T02:26:48.884 application=api_v2 request_id=GHz2V0-TUtAZyM8Cf6ym [info] Sent 200 in 4ms on GET /api/v2/main-page/indexing-status?
2025-12-01T02:26:48.886 application=api_v2 request_id=GHz2V0_rDCWcenkCf6zG [info] Sent 501 in 54µs on GET /api/v2/proxy/account-abstraction/status?
2025-12-01T02:26:53.897 application=api_v2 request_id=GHz2WHomJXWcotYCf7EG [info] Sent 200 in 7ms on GET /api/v2/main-page/indexing-status?
2025-12-01T02:26:53.899 application=api_v2 request_id=GHz2WHrAdANxoaICgl5D [info] Sent 501 in 78µs on GET /api/v2/proxy/account-abstraction/status?
2025-12-01T02:26:58.911 application=api_v2 request_id=GHz2WaUFRYtnlbsCgl_j [info] Sent 200 in 7ms on GET /api/v2/main-page/indexing-status?
2025-12-01T02:26:58.914 application=api_v2 request_id=GHz2WaWfPkdxvt4Cf7MG [info] Sent 501 in 112µs on GET /api/v2/proxy/account-abstraction/status?
2025-12-01T02:27:03.925 application=api_v2 request_id=GHz2Ws_kcDU4aqgCf7QG [info] Sent 200 in 7ms on GET /api/v2/main-page/indexing-status?
2025-12-01T02:27:03.928 application=api_v2 request_id=GHz2WtCEnHTsWlICf7Qm [info] Sent 501 in 81µs on GET /api/v2/proxy/account-abstraction/status?
2025-12-01T02:27:08.937 application=api_v2 request_id=GHz2W_rH2U_2Q50Cf7dm [info] Sent 200 in 4ms on GET /api/v2/main-page/indexing-status?
2025-12-01T02:27:08.939 application=api_v2 request_id=GHz2W_stcTzWlHsCf7eG [info] Sent 501 in 57µs on GET /api/v2/proxy/account-abstraction/status?
2025-12-01T02:27:13.950 application=api_v2 request_id=GHz2XSVgoa9endECf7mm [info] Sent 200 in 8ms on GET /api/v2/main-page/indexing-status?
2025-12-01T02:27:13.953 application=api_v2 request_id=GHz2XSYDCN7Q2R4Cs6Xh [info] Sent 501 in 79µs on GET /api/v2/proxy/account-abstraction/status?
2025-12-01T02:27:18.964 application=api_v2 request_id=GHz2XlBBzxrl744Cf7yG [info] Sent 200 in 7ms on GET /api/v2/main-page/indexing-status?
2025-12-01T02:27:18.966 application=api_v2 request_id=GHz2XlDYv6NHPHgCgnNj [info] Sent 501 in 78µs on GET /api/v2/proxy/account-abstraction/status?
2025-12-01T02:27:23.979 application=api_v2 request_id=GHz2X3sm2gc_yysCf75m [info] Sent 200 in 8ms on GET /api/v2/main-page/indexing-status?
2025-12-01T02:27:23.982 application=api_v2 request_id=GHz2X3vMoh3oPnICgngD [info] Sent 501 in 73µs on GET /api/v2/proxy/account-abstraction/status?
2025-12-01T02:27:28.993 application=api_v2 request_id=GHz2YKYJpsF51BUCf8Om [info] Sent 200 in 7ms on GET /api/v2/main-page/indexing-status?
2025-12-01T02:27:28.996 application=api_v2 request_id=GHz2YKal0TOD1KUCgn7D [info] Sent 501 in 97µs on GET /api/v2/proxy/account-abstraction/status?
2025-12-01T02:27:34.005 application=api_v2 request_id=GHz2YdDd5cxGD9YChPFF [info] Sent 200 in 6ms on GET /api/v2/main-page/indexing-status?
2025-12-01T02:27:34.008 application=api_v2 request_id=GHz2YdFpYdcn6bwCf8Qm [info] Sent 501 in 78µs on GET /api/v2/proxy/account-abstraction/status?
2025-12-01T02:27:39.018 application=api_v2 request_id=GHz2YvubdFsq0R0Cf8TG [info] Sent 200 in 7ms on GET /api/v2/main-page/indexing-status?
2025-12-01T02:27:39.021 application=api_v2 request_id=GHz2Yvw0mACCF-4Cf8Tm [info] Sent 501 in 79µs on GET /api/v2/proxy/account-abstraction/status?
2025-12-01T02:27:44.032 application=api_v2 request_id=GHz2ZCZzBHFsDz4Cf8Xm [info] Sent 200 in 7ms on GET /api/v2/main-page/indexing-status?
2025-12-01T02:27:44.034 application=api_v2 request_id=GHz2ZCcIyW7nRdcCf8YG [info] Sent 501 in 100µs on GET /api/v2/proxy/account-abstraction/status?
2025-12-01T02:27:49.046 application=api_v2 request_id=GHz2ZVFHfs6f_YMCf8dm [info] Sent 200 in 7ms on GET /api/v2/main-page/indexing-status?
2025-12-01T02:27:49.048 application=api_v2 request_id=GHz2ZVHidfCAc1cChQtF [info] Sent 501 in 79µs on GET /api/v2/proxy/account-abstraction/status?
2025-12-01T02:27:54.057 application=api_v2 request_id=GHz2ZnwiG7MaKrMChRBF [info] Sent 200 in 4ms on GET /api/v2/main-page/indexing-status?
2025-12-01T02:27:54.058 application=api_v2 request_id=GHz2ZnyE6b8U1igCgo4D [info] Sent 501 in 47µs on GET /api/v2/proxy/account-abstraction/status?
2025-12-01T02:27:59.066 application=api_v2 request_id=GHz2Z6a_AX_EVowCgpBj [info] Sent 200 in 4ms on GET /api/v2/main-page/indexing-status?
2025-12-01T02:27:59.067 application=api_v2 request_id=GHz2Z6cT09Yub0sCgpCD [info] Sent 501 in 40µs on GET /api/v2/proxy/account-abstraction/status?
2025-12-01T02:28:04.079 application=api_v2 request_id=GHz2aNFELTFUr10CgpID [info] Sent 200 in 8ms on GET /api/v2/main-page/indexing-status?
2025-12-01T02:28:04.082 application=api_v2 request_id=GHz2aNH0AfA4BHICgpIj [info] Sent 501 in 110µs on GET /api/v2/proxy/account-abstraction/status?
2025-12-01T02:28:09.093 application=api_v2 request_id=GHz2afw3GbP1qLcCgpPj [info] Sent 200 in 7ms on GET /api/v2/main-page/indexing-status?
2025-12-01T02:28:09.096 application=api_v2 request_id=GHz2afzQqOA3sGcCgpQD [info] Sent 501 in 78µs on GET /api/v2/proxy/account-abstraction/status?
2025-12-01T02:28:14.106 application=api_v2 request_id=GHz2aycRArJvnmsCgpgD [info] Sent 200 in 5ms on GET /api/v2/main-page/indexing-status?
2025-12-01T02:28:14.108 application=api_v2 request_id=GHz2ayeMwhzF8_4Cgpgj [info] Sent 501 in 61µs on GET /api/v2/proxy/account-abstraction/status?
2025-12-01T02:28:19.117 application=api_v2 request_id=GHz2bFHHNoPfIx8CgpoD [info] Sent 200 in 6ms on GET /api/v2/main-page/indexing-status?
2025-12-01T02:28:19.120 application=api_v2 request_id=GHz2bFJJY-OlEsACgpoj [info] Sent 501 in 53µs on GET /api/v2/proxy/account-abstraction/status?
2025-12-01T02:28:24.130 application=api_v2 request_id=GHz2bXx9LyUlMCgCgp9D [info] Sent 200 in 7ms on GET /api/v2/main-page/indexing-status?
2025-12-01T02:28:24.132 application=api_v2 request_id=GHz2bX0Nj4wKD74Cgp9j [info] Sent 501 in 72µs on GET /api/v2/proxy/account-abstraction/status?
2025-12-01T02:28:29.143 application=api_v2 request_id=GHz2bqdHEYVQ1HgCgp_j [info] Sent 200 in 7ms on GET /api/v2/main-page/indexing-status?
2025-12-01T02:28:29.146 application=api_v2 request_id=GHz2bqfg9Z8zOg8CgqAD [info] Sent 501 in 78µs on GET /api/v2/proxy/account-abstraction/status?
2025-12-01T02:28:34.154 application=api_v2 request_id=GHz2b9IanvvXHxcCgqID [info] Sent 200 in 4ms on GET /api/v2/main-page/indexing-status?
2025-12-01T02:28:34.156 application=api_v2 request_id=GHz2b9KETCiWtbECg6gk [info] Sent 501 in 63µs on GET /api/v2/proxy/account-abstraction/status?
2025-12-01T02:28:39.167 application=api_v2 request_id=GHz2cPy-H-lk_lMCgqXj [info] Sent 200 in 7ms on GET /api/v2/main-page/indexing-status?
2025-12-01T02:28:39.170 application=api_v2 request_id=GHz2cP1ctUVcNfgCgqYD [info] Sent 501 in 79µs on GET /api/v2/proxy/account-abstraction/status?
2025-12-01T02:28:44.182 application=api_v2 request_id=GHz2ciei8hx08YQCgNjC [info] Sent 200 in 7ms on GET /api/v2/main-page/indexing-status?
2025-12-01T02:28:44.185 application=api_v2 request_id=GHz2cihFtghIe9sCgqsD [info] Sent 501 in 109µs on GET /api/v2/proxy/account-abstraction/status?
2025-12-01T02:28:49.196 application=api_v2 request_id=GHz2c1KBdNUPnzYCgqvj [info] Sent 200 in 8ms on GET /api/v2/main-page/indexing-status?
2025-12-01T02:28:49.199 application=api_v2 request_id=GHz2c1MmSxy2RasCgqwD [info] Sent 501 in 78µs on GET /api/v2/proxy/account-abstraction/status?
2025-12-01T02:28:54.207 application=api_v2 request_id=GHz2dH1djwqrOVQChTgl [info] Sent 200 in 4ms on GET /api/v2/main-page/indexing-status?
2025-12-01T02:28:54.208 application=api_v2 request_id=GHz2dH25veNm8PQCgq1D [info] Sent 501 in 42µs on GET /api/v2/proxy/account-abstraction/status?
2025-12-01T02:28:59.220 application=api_v2 request_id=GHz2dafykmksCjACgrTD [info] Sent 200 in 8ms on GET /api/v2/main-page/indexing-status?
2025-12-01T02:28:59.223 application=api_v2 request_id=GHz2daibDnwGI_cCgrTj [info] Sent 501 in 80µs on GET /api/v2/proxy/account-abstraction/status?
2025-12-01T02:29:04.232 application=api_v2 request_id=GHz2dtLXaw9coH8CgADG [info] Sent 200 in 5ms on GET /api/v2/main-page/indexing-status?
2025-12-01T02:29:04.233 application=api_v2 request_id=GHz2dtNE-H6S15cCgraj [info] Sent 501 in 52µs on GET /api/v2/proxy/account-abstraction/status?
2025-12-01T02:29:09.243 application=api_v2 request_id=GHz2d_1wxITQXd8CgrqD [info] Sent 200 in 6ms on GET /api/v2/main-page/indexing-status?
2025-12-01T02:29:09.245 application=api_v2 request_id=GHz2d_38qKnE4nUCgrqj [info] Sent 501 in 98µs on GET /api/v2/proxy/account-abstraction/status?
2025-12-01T02:29:14.257 application=api_v2 request_id=GHz2eSg8M55p0yMCgr1j [info] Sent 200 in 7ms on GET /api/v2/main-page/indexing-status?
2025-12-01T02:29:14.259 application=api_v2 request_id=GHz2eSjdiUBRFrICgr2D [info] Sent 501 in 76µs on GET /api/v2/proxy/account-abstraction/status?
2025-12-01T02:29:19.274 application=api_v2 request_id=GHz2elNGHvB_3usCgr9j [info] Sent 200 in 8ms on GET /api/v2/main-page/indexing-status?
2025-12-01T02:29:19.277 application=api_v2 request_id=GHz2elPpjbqaBckCgApm [info] Sent 501 in 111µs on GET /api/v2/proxy/account-abstraction/status?
2025-12-01T02:29:24.288 application=api_v2 request_id=GHz2e34qSdyonwsCgsED [info] Sent 200 in 7ms on GET /api/v2/main-page/indexing-status?
2025-12-01T02:29:24.291 application=api_v2 request_id=GHz2e37GYQM46vICgAxm [info] Sent 501 in 81µs on GET /api/v2/proxy/account-abstraction/status?
2025-12-01T02:29:29.303 application=api_v2 request_id=GHz2fKkHgUct1YACKZ4o [info] Sent 200 in 8ms on GET /api/v2/main-page/indexing-status?
2025-12-01T02:29:29.305 application=api_v2 request_id=GHz2fKmqjd8jdnoCgA8G [info] Sent 501 in 82µs on GET /api/v2/proxy/account-abstraction/status?
2025-12-01T02:29:34.317 application=api_v2 request_id=GHz2fdPs0o5qzZ4CgBAG [info] Sent 200 in 7ms on GET /api/v2/main-page/indexing-status?
2025-12-01T02:29:34.319 application=api_v2 request_id=GHz2fdSHk8gcn7gCgQpC [info] Sent 501 in 79µs on GET /api/v2/proxy/account-abstraction/status?
2025-12-01T02:29:39.331 application=api_v2 request_id=GHz2fv7K_JF_NvECgBTG [info] Sent 200 in 7ms on GET /api/v2/main-page/indexing-status?
2025-12-01T02:29:39.333 application=api_v2 request_id=GHz2fv9ew5C9NxUCgBTm [info] Sent 501 in 78µs on GET /api/v2/proxy/account-abstraction/status?
2025-12-01T02:29:44.344 application=api_v2 request_id=GHz2gCmQntsKsPACgBmm [info] Sent 200 in 7ms on GET /api/v2/main-page/indexing-status?
2025-12-01T02:29:44.347 application=api_v2 request_id=GHz2gCoxTBpAlxECgBnG [info] Sent 501 in 79µs on GET /api/v2/proxy/account-abstraction/status?
2025-12-01T02:29:49.358 application=api_v2 request_id=GHz2gVRuVH6elsACgB_G [info] Sent 200 in 7ms on GET /api/v2/main-page/indexing-status?
2025-12-01T02:29:49.361 application=api_v2 request_id=GHz2gVUPvGBSAQ8CgB_m [info] Sent 501 in 79µs on GET /api/v2/proxy/account-abstraction/status?
2025-12-01T02:29:54.372 application=api_v2 request_id=GHz2gn9QTIjmDfACgCHm [info] Sent 200 in 7ms on GET /api/v2/main-page/indexing-status?
2025-12-01T02:29:54.375 application=api_v2 request_id=GHz2gn_uRlnOrt8CgCIG [info] Sent 501 in 81µs on GET /api/v2/proxy/account-abstraction/status?
2025-12-01T02:29:59.387 application=api_v2 request_id=GHz2g6o8J_1LYY0CgCVm [info] Sent 200 in 7ms on GET /api/v2/main-page/indexing-status?
2025-12-01T02:29:59.389 application=api_v2 request_id=GHz2g6rROBol0fUCgCWG [info] Sent 501 in 81µs on GET /api/v2/proxy/account-abstraction/status?
2025-12-01T02:30:04.401 application=api_v2 request_id=GHz2hNUXf1BfT3QCgCkG [info] Sent 200 in 7ms on GET /api/v2/main-page/indexing-status?
2025-12-01T02:30:04.404 application=api_v2 request_id=GHz2hNW0Xm7JXygCgCkm [info] Sent 501 in 81µs on GET /api/v2/proxy/account-abstraction/status?
2025-12-01T02:30:09.412 application=api_v2 request_id=GHz2hf_vgUXUYzMCguWD [info] Sent 200 in 4ms on GET /api/v2/main-page/indexing-status?
2025-12-01T02:30:09.413 application=api_v2 request_id=GHz2hgBMAIr2d_ECgCum [info] Sent 501 in 45µs on GET /api/v2/proxy/account-abstraction/status?
2025-12-01T02:30:14.424 application=api_v2 request_id=GHz2hyqBubJGjH0CgCym [info] Sent 200 in 7ms on GET /api/v2/main-page/indexing-status?
2025-12-01T02:30:14.426 application=api_v2 request_id=GHz2hysYGiW4WY4CgCzG [info] Sent 501 in 77µs on GET /api/v2/proxy/account-abstraction/status?
2025-12-01T02:30:19.437 application=api_v2 request_id=GHz2iFVZpLg_yloCgC4G [info] Sent 200 in 6ms on GET /api/v2/main-page/indexing-status?
2025-12-01T02:30:19.440 application=api_v2 request_id=GHz2iFXoyFAv76ECgC4m [info] Sent 501 in 79µs on GET /api/v2/proxy/account-abstraction/status?
2025-12-01T02:30:24.451 application=api_v2 request_id=GHz2iYAov07P6r8CgC_m [info] Sent 200 in 7ms on GET /api/v2/main-page/indexing-status?
2025-12-01T02:30:24.453 application=api_v2 request_id=GHz2iYC_XDARKHUCgDAG [info] Sent 501 in 109µs on GET /api/v2/proxy/account-abstraction/status?
2025-12-01T02:30:29.465 application=api_v2 request_id=GHz2iqsHerfflOUCtEfh [info] Sent 200 in 7ms on GET /api/v2/main-page/indexing-status?
2025-12-01T02:30:29.468 application=api_v2 request_id=GHz2iquhdeiwxVsCgDPG [info] Sent 501 in 80µs on GET /api/v2/proxy/account-abstraction/status?
2025-12-01T02:30:34.478 application=api_v2 request_id=GHz2i9XajMUsyXsCgDbG [info] Sent 200 in 7ms on GET /api/v2/main-page/indexing-status?
2025-12-01T02:30:34.481 application=api_v2 request_id=GHz2i9ZyjfEC81UCgDbm [info] Sent 501 in 109µs on GET /api/v2/proxy/account-abstraction/status?
2025-12-01T02:30:39.489 application=api_v2 request_id=GHz2jQC-iPq16ksCtE7B [info] Sent 200 in 3ms on GET /api/v2/main-page/indexing-status?
2025-12-01T02:30:39.491 application=api_v2 request_id=GHz2jQEOtGe0ZrICtE7h [info] Sent 501 in 40µs on GET /api/v2/proxy/account-abstraction/status?
2025-12-01T02:30:44.501 application=api_v2 request_id=GHz2jitIJgYi_gkCgEBm [info] Sent 200 in 7ms on GET /api/v2/main-page/indexing-status?
2025-12-01T02:30:44.504 application=api_v2 request_id=GHz2jiva9IQD5ysCtFHh [info] Sent 501 in 78µs on GET /api/v2/proxy/account-abstraction/status?
2025-12-01T02:30:49.515 application=api_v2 request_id=GHz2j1YOj9D5sPECtFXh [info] Sent 200 in 7ms on GET /api/v2/main-page/indexing-status?
2025-12-01T02:30:49.518 application=api_v2 request_id=GHz2j1axTVAHYIkCgENG [info] Sent 501 in 98µs on GET /api/v2/proxy/account-abstraction/status?
2025-12-01T02:30:54.528 application=api_v2 request_id=GHz2kIDop-FGsx0CtFth [info] Sent 200 in 7ms on GET /api/v2/main-page/indexing-status?
2025-12-01T02:30:54.531 application=api_v2 request_id=GHz2kIGDXx-i4RUCtFuB [info] Sent 501 in 109µs on GET /api/v2/proxy/account-abstraction/status?
2025-12-01T02:30:59.543 application=api_v2 request_id=GHz2kavL046xevICtF8B [info] Sent 200 in 7ms on GET /api/v2/main-page/indexing-status?
2025-12-01T02:30:59.545 application=api_v2 request_id=GHz2kaxiWhRTh6oCtF8h [info] Sent 501 in 86µs on GET /api/v2/proxy/account-abstraction/status?
2025-12-01T02:31:04.557 application=api_v2 request_id=GHz2ktakmmRy7sICgEgm [info] Sent 200 in 7ms on GET /api/v2/main-page/indexing-status?
2025-12-01T02:31:04.560 application=api_v2 request_id=GHz2ktdCp-NfcQUCgEhG [info] Sent 501 in 98µs on GET /api/v2/proxy/account-abstraction/status?
2025-12-01T02:31:09.568 application=api_v2 request_id=GHz2lAF-1FhjcDwCgEpG [info] Sent 200 in 4ms on GET /api/v2/main-page/indexing-status?
2025-12-01T02:31:09.569 application=api_v2 request_id=GHz2lAHjAS5DlHACgwsD [info] Sent 501 in 58µs on GET /api/v2/proxy/account-abstraction/status?
2025-12-01T02:31:14.581 application=api_v2 request_id=GHz2lSwkOyOZbb4Cgw_D [info] Sent 200 in 7ms on GET /api/v2/main-page/indexing-status?
2025-12-01T02:31:14.583 application=api_v2 request_id=GHz2lSyzg7-RSqoCtGNh [info] Sent 501 in 58µs on GET /api/v2/proxy/account-abstraction/status?
2025-12-01T02:31:19.590 application=api_v2 request_id=GHz2llbn8Bg0QTcCtGRB [info] Sent 200 in 4ms on GET /api/v2/main-page/indexing-status?
2025-12-01T02:31:19.592 application=api_v2 request_id=GHz2lldFUHM-qj4CtGRh [info] Sent 501 in 43µs on GET /api/v2/proxy/account-abstraction/status?
2025-12-01T02:31:24.603 application=api_v2 request_id=GHz2l4F-YUW8mZUCdhLH [info] Sent 200 in 7ms on GET /api/v2/main-page/indexing-status?
2025-12-01T02:31:24.606 application=api_v2 request_id=GHz2l4IbQ2BTvdwCgFWm [info] Sent 501 in 111µs on GET /api/v2/proxy/account-abstraction/status?
2025-12-01T02:31:29.617 application=api_v2 request_id=GHz2mKxb-xlFa1ECtGbB [info] Sent 200 in 7ms on GET /api/v2/main-page/indexing-status?
2025-12-01T02:31:29.620 application=api_v2 request_id=GHz2mKz4GJBy5PECgFmm [info] Sent 501 in 78µs on GET /api/v2/proxy/account-abstraction/status?
2025-12-01T02:31:34.634 application=api_v2 request_id=GHz2mddlPQxnmvECtGcB [info] Sent 200 in 7ms on GET /api/v2/main-page/indexing-status?
2025-12-01T02:31:34.637 application=api_v2 request_id=GHz2mdf_y6t_zzICtGch [info] Sent 501 in 83µs on GET /api/v2/proxy/account-abstraction/status?
2025-12-01T02:31:39.648 application=api_v2 request_id=GHz2mwJDimO1HYMCtGkB [info] Sent 200 in 7ms on GET /api/v2/main-page/indexing-status?
2025-12-01T02:31:39.651 application=api_v2 request_id=GHz2mwLjWh2HbMwCgyHj [info] Sent 501 in 73µs on GET /api/v2/proxy/account-abstraction/status?
2025-12-01T02:31:44.664 application=api_v2 request_id=GHz2nC0rsdMh7uQCgydD [info] Sent 200 in 8ms on GET /api/v2/main-page/indexing-status?
2025-12-01T02:31:44.667 application=api_v2 request_id=GHz2nC3XXu1t3rMCgydj [info] Sent 501 in 79µs on GET /api/v2/proxy/account-abstraction/status?
2025-12-01T02:31:49.679 application=api_v2 request_id=GHz2nVgXaMLC5_8CgGZG [info] Sent 200 in 8ms on GET /api/v2/main-page/indexing-status?
2025-12-01T02:31:49.682 application=api_v2 request_id=GHz2nVjBIW4vIF0CgGZm [info] Sent 501 in 112µs on GET /api/v2/proxy/account-abstraction/status?
2025-12-01T02:31:54.694 application=api_v2 request_id=GHz2noMCdQmD1jcCgGnm [info] Sent 200 in 8ms on GET /api/v2/main-page/indexing-status?
2025-12-01T02:31:54.696 application=api_v2 request_id=GHz2noOlOxN0WkwCgy-j [info] Sent 501 in 78µs on GET /api/v2/proxy/account-abstraction/status?
2025-12-01T02:31:59.709 application=api_v2 request_id=GHz2n63t_iaWI9wCgzKj [info] Sent 200 in 8ms on GET /api/v2/main-page/indexing-status?
2025-12-01T02:31:59.712 application=api_v2 request_id=GHz2n66TGZNH5cYCKgXo [info] Sent 501 in 80µs on GET /api/v2/proxy/account-abstraction/status?
2025-12-01T02:32:04.722 application=api_v2 request_id=GHz2oNjZe1sWfKICgGyG [info] Sent 200 in 6ms on GET /api/v2/main-page/indexing-status?
2025-12-01T02:32:04.725 application=api_v2 request_id=GHz2oNlmGq8ijiMChZiF [info] Sent 501 in 73µs on GET /api/v2/proxy/account-abstraction/status?
2025-12-01T02:32:09.736 application=api_v2 request_id=GHz2ogOjFYIKfckCKgxI [info] Sent 200 in 8ms on GET /api/v2/main-page/indexing-status?
2025-12-01T02:32:09.739 application=api_v2 request_id=GHz2ogRIGIJQslACgG2m [info] Sent 501 in 80µs on GET /api/v2/proxy/account-abstraction/status?
2025-12-01T02:32:14.751 application=api_v2 request_id=GHz2oy6ITlz1jj4CgYFC [info] Sent 200 in 8ms on GET /api/v2/main-page/indexing-status?
2025-12-01T02:32:14.754 application=api_v2 request_id=GHz2oy8sFRKMFucCgG5m [info] Sent 501 in 80µs on GET /api/v2/proxy/account-abstraction/status?
2025-12-01T02:32:19.764 application=api_v2 request_id=GHz2pFlnYzK_fSECgYXi [info] Sent 200 in 6ms on GET /api/v2/main-page/indexing-status?
2025-12-01T02:32:19.765 application=api_v2 request_id=GHz2pFnhWfb_KKMCgYYC [info] Sent 501 in 46µs on GET /api/v2/proxy/account-abstraction/status?
2025-12-01T02:32:24.773 application=api_v2 request_id=GHz2pYQIEpmGihUCgHSG [info] Sent 200 in 5ms on GET /api/v2/main-page/indexing-status?
2025-12-01T02:32:24.774 application=api_v2 request_id=GHz2pYRvIUloj70Cg0ej [info] Sent 501 in 42µs on GET /api/v2/proxy/account-abstraction/status?
2025-12-01T02:32:29.785 application=api_v2 request_id=GHz2pq6lAvDM6h8Cg0zD [info] Sent 200 in 7ms on GET /api/v2/main-page/indexing-status?
2025-12-01T02:32:29.788 application=api_v2 request_id=GHz2pq9CgYs0uwICgYiC [info] Sent 501 in 81µs on GET /api/v2/proxy/account-abstraction/status?
2025-12-01T02:32:34.798 application=api_v2 request_id=GHz2p9l8XeHHDewCgYkC [info] Sent 200 in 6ms on GET /api/v2/main-page/indexing-status?
2025-12-01T02:32:34.800 application=api_v2 request_id=GHz2p9n-scLT4BYCg1Ij [info] Sent 501 in 66µs on GET /api/v2/proxy/account-abstraction/status?
2025-12-01T02:32:39.811 application=api_v2 request_id=GHz2qQRATT_9g24Cg1XD [info] Sent 200 in 7ms on GET /api/v2/main-page/indexing-status?
2025-12-01T02:32:39.814 application=api_v2 request_id=GHz2qQTbN33U5pUCg1Xj [info] Sent 501 in 80µs on GET /api/v2/proxy/account-abstraction/status?
2025-12-01T02:32:44.825 application=api_v2 request_id=GHz2qi8Z5Cvj2GcCg1rj [info] Sent 200 in 7ms on GET /api/v2/main-page/indexing-status?
2025-12-01T02:32:44.827 application=api_v2 request_id=GHz2qi-wW68zo6ECg1sD [info] Sent 501 in 100µs on GET /api/v2/proxy/account-abstraction/status?
2025-12-01T02:32:49.839 application=api_v2 request_id=GHz2q1nw4-Zx3h0Cg2ED [info] Sent 200 in 7ms on GET /api/v2/main-page/indexing-status?
2025-12-01T02:32:49.842 application=api_v2 request_id=GHz2q1qQvVikQ5gCg2Ej [info] Sent 501 in 99µs on GET /api/v2/proxy/account-abstraction/status?
2025-12-01T02:32:54.853 application=api_v2 request_id=GHz2rITUlcNwrFMCg2Jj [info] Sent 200 in 7ms on GET /api/v2/main-page/indexing-status?
2025-12-01T02:32:54.856 application=api_v2 request_id=GHz2rIVsBWV3Nm8Cg2KD [info] Sent 501 in 101µs on GET /api/v2/proxy/account-abstraction/status?
2025-12-01T02:32:59.866 application=api_v2 request_id=GHz2ra-rbmybfooCg2hj [info] Sent 200 in 7ms on GET /api/v2/main-page/indexing-status?
2025-12-01T02:32:59.869 application=api_v2 request_id=GHz2rbA9AxUxljACg2iD [info] Sent 501 in 79µs on GET /api/v2/proxy/account-abstraction/status?
2025-12-01T02:33:04.880 application=api_v2 request_id=GHz2rtp7_30O38kCg2-j [info] Sent 200 in 7ms on GET /api/v2/main-page/indexing-status?
2025-12-01T02:33:04.883 application=api_v2 request_id=GHz2rtsT0nstdZ0Cg2_D [info] Sent 501 in 79µs on GET /api/v2/proxy/account-abstraction/status?
2025-12-01T02:33:09.894 application=api_v2 request_id=GHz2sAVYuECdfA4CgJGm [info] Sent 200 in 7ms on GET /api/v2/main-page/indexing-status?
2025-12-01T02:33:09.897 application=api_v2 request_id=GHz2sAXyAD4WtEgCgJHG [info] Sent 501 in 79µs on GET /api/v2/proxy/account-abstraction/status?
2025-12-01T02:33:14.908 application=api_v2 request_id=GHz2sTAu9KFCTooCgJSG [info] Sent 200 in 7ms on GET /api/v2/main-page/indexing-status?
2025-12-01T02:33:14.910 application=api_v2 request_id=GHz2sTDEpnyMCgwCgaJi [info] Sent 501 in 78µs on GET /api/v2/proxy/account-abstraction/status?
2025-12-01T02:33:19.921 application=api_v2 request_id=GHz2slsBIiRfrQYCgJfG [info] Sent 200 in 7ms on GET /api/v2/main-page/indexing-status?
2025-12-01T02:33:19.924 application=api_v2 request_id=GHz2sluZa6Z90goCgJfm [info] Sent 501 in 100µs on GET /api/v2/proxy/account-abstraction/status?
2025-12-01T02:33:24.935 application=api_v2 request_id=GHz2s4XYn_gCupkCgJ1G [info] Sent 200 in 7ms on GET /api/v2/main-page/indexing-status?
2025-12-01T02:33:24.938 application=api_v2 request_id=GHz2s4Z0MY5wbMoCgJ1m [info] Sent 501 in 80µs on GET /api/v2/proxy/account-abstraction/status?
2025-12-01T02:33:29.949 application=api_v2 request_id=GHz2tLCros0-LTcCg4Pj [info] Sent 200 in 7ms on GET /api/v2/main-page/indexing-status?
2025-12-01T02:33:29.951 application=api_v2 request_id=GHz2tLFK_td5Q1oCg4QD [info] Sent 501 in 81µs on GET /api/v2/proxy/account-abstraction/status?
2025-12-01T02:33:34.959 application=api_v2 request_id=GHz2tduI0M0XWroCg4fj [info] Sent 200 in 4ms on GET /api/v2/main-page/indexing-status?
2025-12-01T02:33:34.960 application=api_v2 request_id=GHz2tdveOkAQigQCg4gD [info] Sent 501 in 42µs on GET /api/v2/proxy/account-abstraction/status?
2025-12-01T02:33:39.970 application=api_v2 request_id=GHz2twYD7ajN11ACgKVG [info] Sent 200 in 7ms on GET /api/v2/main-page/indexing-status?
2025-12-01T02:33:39.973 application=api_v2 request_id=GHz2twaf8ptTxDkCgKVm [info] Sent 501 in 77µs on GET /api/v2/proxy/account-abstraction/status?
2025-12-01T02:33:44.984 application=api_v2 request_id=GHz2uDDacGE7d0cCgKiG [info] Sent 200 in 7ms on GET /api/v2/main-page/indexing-status?
2025-12-01T02:33:44.987 application=api_v2 request_id=GHz2uDF7BrNBh3ECgKim [info] Sent 501 in 90µs on GET /api/v2/proxy/account-abstraction/status?
2025-12-01T02:33:49.998 application=api_v2 request_id=GHz2uVvBUZJhUCsCgKvm [info] Sent 200 in 7ms on GET /api/v2/main-page/indexing-status?
2025-12-01T02:33:50.001 application=api_v2 request_id=GHz2uVxcJes1SlwChenl [info] Sent 501 in 79µs on GET /api/v2/proxy/account-abstraction/status?
2025-12-01T02:33:55.013 application=api_v2 request_id=GHz2uoaimE-FtwYCgK7G [info] Sent 200 in 7ms on GET /api/v2/main-page/indexing-status?
2025-12-01T02:33:55.016 application=api_v2 request_id=GHz2uoc-eaXWNzwCgK7m [info] Sent 501 in 79µs on GET /api/v2/proxy/account-abstraction/status?
2025-12-01T02:34:00.023 application=api_v2 request_id=GHz2u7F3VpG1NvoCgLEG [info] Sent 200 in 4ms on GET /api/v2/main-page/indexing-status?
2025-12-01T02:34:00.025 application=api_v2 request_id=GHz2u7HRWq0vnxQCgLEm [info] Sent 501 in 53µs on GET /api/v2/proxy/account-abstraction/status?
2025-12-01T02:34:05.036 application=api_v2 request_id=GHz2vNwMhAP-ocwCgLZm [info] Sent 200 in 7ms on GET /api/v2/main-page/indexing-status?
2025-12-01T02:34:05.039 application=api_v2 request_id=GHz2vNymdhXLbfgCgLaG [info] Sent 501 in 117µs on GET /api/v2/proxy/account-abstraction/status?
2025-12-01T02:34:10.050 application=api_v2 request_id=GHz2vgbmWjQP6YcCgLhG [info] Sent 200 in 7ms on GET /api/v2/main-page/indexing-status?
2025-12-01T02:34:10.053 application=api_v2 request_id=GHz2vgeFN6_xNnICgLhm [info] Sent 501 in 80µs on GET /api/v2/proxy/account-abstraction/status?
2025-12-01T02:34:15.064 application=api_v2 request_id=GHz2vzG_SrTb8yMCgLpm [info] Sent 200 in 7ms on GET /api/v2/main-page/indexing-status?
2025-12-01T02:34:15.066 application=api_v2 request_id=GHz2vzJXRaWoS6oCgLqG [info] Sent 501 in 77µs on GET /api/v2/proxy/account-abstraction/status?
2025-12-01T02:34:20.077 application=api_v2 request_id=GHz2wFyX6fZSrtACgL0G [info] Sent 200 in 7ms on GET /api/v2/main-page/indexing-status?
2025-12-01T02:34:20.080 application=api_v2 request_id=GHz2wF0xgRpFw00CgL0m [info] Sent 501 in 78µs on GET /api/v2/proxy/account-abstraction/status?
2025-12-01T02:34:25.092 application=api_v2 request_id=GHz2wYdzBhl6xV0CgL8m [info] Sent 200 in 7ms on GET /api/v2/main-page/indexing-status?
2025-12-01T02:34:25.094 application=api_v2 request_id=GHz2wYgRNh1A1r8CgL9G [info] Sent 501 in 79µs on GET /api/v2/proxy/account-abstraction/status?
2025-12-01T02:34:30.105 application=api_v2 request_id=GHz2wrJNiHZsvN8CgMHG [info] Sent 200 in 7ms on GET /api/v2/main-page/indexing-status?
2025-12-01T02:34:30.108 application=api_v2 request_id=GHz2wrLj_0_TQYoCgMHm [info] Sent 501 in 112µs on GET /api/v2/proxy/account-abstraction/status?
2025-12-01T02:34:35.119 application=api_v2 request_id=GHz2w90eD5Qg77sCgMPm [info] Sent 200 in 7ms on GET /api/v2/main-page/indexing-status?
2025-12-01T02:34:35.122 application=api_v2 request_id=GHz2w927sngi6RsCgMQG [info] Sent 501 in 79µs on GET /api/v2/proxy/account-abstraction/status?
2025-12-01T02:34:40.130 application=api_v2 request_id=GHz2xQfwxc9dYxUCgMbG [info] Sent 200 in 5ms on GET /api/v2/main-page/indexing-status?
2025-12-01T02:34:40.132 application=api_v2 request_id=GHz2xQhhD8hxwNcCgMbm [info] Sent 501 in 46µs on GET /api/v2/proxy/account-abstraction/status?
2025-12-01T02:34:45.143 application=api_v2 request_id=GHz2xjKc-h3sw9UCgMom [info] Sent 200 in 7ms on GET /api/v2/main-page/indexing-status?
2025-12-01T02:34:45.146 application=api_v2 request_id=GHz2xjM3WTiQ9gECgMpG [info] Sent 501 in 94µs on GET /api/v2/proxy/account-abstraction/status?
2025-12-01T02:34:50.154 application=api_v2 request_id=GHz2x11vX4ojDMYCgMsm [info] Sent 200 in 4ms on GET /api/v2/main-page/indexing-status?
2025-12-01T02:34:50.155 application=api_v2 request_id=GHz2x13Vs8x2DBACg7qD [info] Sent 501 in 58µs on GET /api/v2/proxy/account-abstraction/status?
2025-12-01T02:34:55.167 application=api_v2 request_id=GHz2yIgSiD3wQ70Cg71j [info] Sent 200 in 7ms on GET /api/v2/main-page/indexing-status?
2025-12-01T02:34:55.170 application=api_v2 request_id=GHz2yIiziPWSTtgCgMuG [info] Sent 501 in 81µs on GET /api/v2/proxy/account-abstraction/status?
2025-12-01T02:35:00.181 application=api_v2 request_id=GHz2ybLrs3GLmuQCgMvm [info] Sent 200 in 7ms on GET /api/v2/main-page/indexing-status?
2025-12-01T02:35:00.183 application=api_v2 request_id=GHz2ybOICyJ_EPICgMwG [info] Sent 501 in 100µs on GET /api/v2/proxy/account-abstraction/status?
2025-12-01T02:35:05.195 application=api_v2 request_id=GHz2yt3OwYKKzQICgM1G [info] Sent 200 in 7ms on GET /api/v2/main-page/indexing-status?
2025-12-01T02:35:05.198 application=api_v2 request_id=GHz2yt5sLySs4OECgM1m [info] Sent 501 in 81µs on GET /api/v2/proxy/account-abstraction/status?
2025-12-01T02:35:10.207 application=api_v2 request_id=GHz2zAiw9xeXtw0CgM9m [info] Sent 200 in 4ms on GET /api/v2/main-page/indexing-status?
2025-12-01T02:35:10.208 application=api_v2 request_id=GHz2zAkXU5kkM_0CgM-G [info] Sent 501 in 50µs on GET /api/v2/proxy/account-abstraction/status?
2025-12-01T02:35:15.220 application=api_v2 request_id=GHz2zTNS3C4oYwECdreH [info] Sent 200 in 7ms on GET /api/v2/main-page/indexing-status?
2025-12-01T02:35:15.222 application=api_v2 request_id=GHz2zTPuRc5sZVwCgNJm [info] Sent 501 in 110µs on GET /api/v2/proxy/account-abstraction/status?
2025-12-01T02:35:20.235 application=api_v2 request_id=GHz2zl4_eKX2MccCgNcG [info] Sent 200 in 7ms on GET /api/v2/main-page/indexing-status?
2025-12-01T02:35:20.237 application=api_v2 request_id=GHz2zl7ZXPGqVHQCgNcm [info] Sent 501 in 80µs on GET /api/v2/proxy/account-abstraction/status?
2025-12-01T02:35:25.247 application=api_v2 request_id=GHz2z4kX4Eg65s8CgNnm [info] Sent 200 in 5ms on GET /api/v2/main-page/indexing-status?
2025-12-01T02:35:25.249 application=api_v2 request_id=GHz2z4mSBL2NOdoCgNoG [info] Sent 501 in 50µs on GET /api/v2/proxy/account-abstraction/status?
2025-12-01T02:35:30.257 application=api_v2 request_id=GHz20LPGeOfdKpwCgOCG [info] Sent 200 in 4ms on GET /api/v2/main-page/indexing-status?
2025-12-01T02:35:30.259 application=api_v2 request_id=GHz20LQri-FVMjcCgOCm [info] Sent 501 in 69µs on GET /api/v2/proxy/account-abstraction/status?
2025-12-01T02:35:35.270 application=api_v2 request_id=GHz20d5lWTr5lr4CgOTG [info] Sent 200 in 7ms on GET /api/v2/main-page/indexing-status?
2025-12-01T02:35:35.272 application=api_v2 request_id=GHz20d7_bYGF6UgCgOTm [info] Sent 501 in 79µs on GET /api/v2/proxy/account-abstraction/status?
2025-12-01T02:35:40.284 application=api_v2 request_id=GHz20wlFUZL2cRoCgOcG [info] Sent 200 in 7ms on GET /api/v2/main-page/indexing-status?
2025-12-01T02:35:40.287 application=api_v2 request_id=GHz20wnl-1FJXlICgOcm [info] Sent 501 in 79µs on GET /api/v2/proxy/account-abstraction/status?
2025-12-01T02:35:45.298 application=api_v2 request_id=GHz21DQkTsa2xFUCgOhm [info] Sent 200 in 7ms on GET /api/v2/main-page/indexing-status?
2025-12-01T02:35:45.301 application=api_v2 request_id=GHz21DTCip-8bbsCgOiG [info] Sent 501 in 78µs on GET /api/v2/proxy/account-abstraction/status?
2025-12-01T02:35:50.309 application=api_v2 request_id=GHz21V713WOXhAcCgO3m [info] Sent 200 in 5ms on GET /api/v2/main-page/indexing-status?
2025-12-01T02:35:50.311 application=api_v2 request_id=GHz21V9ctta7vKMCgO4G [info] Sent 501 in 69µs on GET /api/v2/proxy/account-abstraction/status?
2025-12-01T02:35:55.322 application=api_v2 request_id=GHz21omY1BvoYw4CgO7G [info] Sent 200 in 7ms on GET /api/v2/main-page/indexing-status?
2025-12-01T02:35:55.324 application=api_v2 request_id=GHz21ooxTtct9qECgO7m [info] Sent 501 in 78µs on GET /api/v2/proxy/account-abstraction/status?
2025-12-01T02:36:00.336 application=api_v2 request_id=GHz217RzPRuGp8wCgPEm [info] Sent 200 in 7ms on GET /api/v2/main-page/indexing-status?
2025-12-01T02:36:00.339 application=api_v2 request_id=GHz217UPT6li1vsCgPFG [info] Sent 501 in 81µs on GET /api/v2/proxy/account-abstraction/status?
2025-12-01T02:36:05.350 application=api_v2 request_id=GHz22N9K0M1Yg34CgPZm [info] Sent 200 in 7ms on GET /api/v2/main-page/indexing-status?
2025-12-01T02:36:05.352 application=api_v2 request_id=GHz22N_psN2SkWQCduJn [info] Sent 501 in 77µs on GET /api/v2/proxy/account-abstraction/status?
2025-12-01T02:36:10.365 application=api_v2 request_id=GHz22govOyYVbsYCgPmG [info] Sent 200 in 8ms on GET /api/v2/main-page/indexing-status?
2025-12-01T02:36:10.367 application=api_v2 request_id=GHz22grQAIZHPWUCgPmm [info] Sent 501 in 78µs on GET /api/v2/proxy/account-abstraction/status?
2025-12-01T02:36:15.377 application=api_v2 request_id=GHz22zUI0wDVCTACgPqG [info] Sent 200 in 6ms on GET /api/v2/main-page/indexing-status?
2025-12-01T02:36:15.380 application=api_v2 request_id=GHz22zWVbBlOTIsCgPqm [info] Sent 501 in 101µs on GET /api/v2/proxy/account-abstraction/status?
2025-12-01T02:36:20.393 application=api_v2 request_id=GHz23F_zEsLF16gCgPxm [info] Sent 200 in 7ms on GET /api/v2/main-page/indexing-status?
2025-12-01T02:36:20.395 application=api_v2 request_id=GHz23GCH87RyQOMCgPyG [info] Sent 501 in 78µs on GET /api/v2/proxy/account-abstraction/status?
2025-12-01T02:36:25.406 application=api_v2 request_id=GHz23YrH8wnUbuACdvIH [info] Sent 200 in 7ms on GET /api/v2/main-page/indexing-status?
2025-12-01T02:36:25.409 application=api_v2 request_id=GHz23YteD1oJ4VECgP4G [info] Sent 501 in 78µs on GET /api/v2/proxy/account-abstraction/status?
2025-12-01T02:36:30.420 application=api_v2 request_id=GHz23rWhCCaPIrwCgQAG [info] Sent 200 in 7ms on GET /api/v2/main-page/indexing-status?
2025-12-01T02:36:30.423 application=api_v2 request_id=GHz23rY89SbxNzQCgQAm [info] Sent 501 in 80µs on GET /api/v2/proxy/account-abstraction/status?
2025-12-01T02:36:35.434 application=api_v2 request_id=GHz23-B748_f0EcCgQFm [info] Sent 200 in 7ms on GET /api/v2/main-page/indexing-status?
2025-12-01T02:36:35.437 application=api_v2 request_id=GHz23-EQ1P5jlCwCgQGG [info] Sent 501 in 126µs on GET /api/v2/proxy/account-abstraction/status?
2025-12-01T02:36:40.448 application=api_v2 request_id=GHz24QtTkJrzQYACgQXm [info] Sent 200 in 7ms on GET /api/v2/main-page/indexing-status?
2025-12-01T02:36:40.451 application=api_v2 request_id=GHz24QvtSAXEZtAChl9F [info] Sent 501 in 96µs on GET /api/v2/proxy/account-abstraction/status?
2025-12-01T02:36:45.462 application=api_v2 request_id=GHz24jYsUx8HJdAChNwE [info] Sent 200 in 7ms on GET /api/v2/main-page/indexing-status?
2025-12-01T02:36:45.465 application=api_v2 request_id=GHz24jbJ_kAFSLoChmel [info] Sent 501 in 82µs on GET /api/v2/proxy/account-abstraction/status?
2025-12-01T02:36:50.476 application=api_v2 request_id=GHz242EMyMTkzAUCgQzG [info] Sent 200 in 7ms on GET /api/v2/main-page/indexing-status?
2025-12-01T02:36:50.478 application=api_v2 request_id=GHz242GiwzZ6q4wCgQzm [info] Sent 501 in 79µs on GET /api/v2/proxy/account-abstraction/status?
2025-12-01T02:36:55.485 application=api_v2 request_id=GHz25IvYcp7XS30ChB2j [info] Sent 200 in 3ms on GET /api/v2/main-page/indexing-status?
2025-12-01T02:36:55.487 application=api_v2 request_id=GHz25IwsenfizHwCgRBG [info] Sent 501 in 43µs on GET /api/v2/proxy/account-abstraction/status?
2025-12-01T02:37:00.496 application=api_v2 request_id=GHz25bZg2YMEaksCgRQm [info] Sent 200 in 6ms on GET /api/v2/main-page/indexing-status?
2025-12-01T02:37:00.498 application=api_v2 request_id=GHz25bbeLZgfikYCgRRG [info] Sent 501 in 60µs on GET /api/v2/proxy/account-abstraction/status?
2025-12-01T02:37:05.509 application=api_v2 request_id=GHz25uEUby1WWc4ChChj [info] Sent 200 in 7ms on GET /api/v2/main-page/indexing-status?
2025-12-01T02:37:05.512 application=api_v2 request_id=GHz25uGtBilneG8ChCiD [info] Sent 501 in 78µs on GET /api/v2/proxy/account-abstraction/status?
2025-12-01T02:37:10.520 application=api_v2 request_id=GHz26AvmJUYMPJUChClj [info] Sent 200 in 5ms on GET /api/v2/main-page/indexing-status?
2025-12-01T02:37:10.523 application=api_v2 request_id=GHz26AxgTbdCJR8ChCmD [info] Sent 501 in 77µs on GET /api/v2/proxy/account-abstraction/status?
2025-12-01T02:37:15.533 application=api_v2 request_id=GHz26TaT7MRbc9IChCyD [info] Sent 200 in 7ms on GET /api/v2/main-page/indexing-status?
2025-12-01T02:37:15.536 application=api_v2 request_id=GHz26TcovK25cjMChCyj [info] Sent 501 in 100µs on GET /api/v2/proxy/account-abstraction/status?
2025-12-01T02:37:20.543 application=api_v2 request_id=GHz26mFiG9ooc2ICgSBm [info] Sent 200 in 3ms on GET /api/v2/main-page/indexing-status?
2025-12-01T02:37:20.545 application=api_v2 request_id=GHz26mG6Y67RTNQChC8j [info] Sent 501 in 66µs on GET /api/v2/proxy/account-abstraction/status?
2025-12-01T02:37:25.557 application=api_v2 request_id=GHz264wIr3AvLFMCgSQm [info] Sent 200 in 7ms on GET /api/v2/main-page/indexing-status?
2025-12-01T02:37:25.560 application=api_v2 request_id=GHz264yhY5rO69oCgSRG [info] Sent 501 in 80µs on GET /api/v2/proxy/account-abstraction/status?
2025-12-01T02:37:30.570 application=api_v2 request_id=GHz27LbesnF_Bs4ChC-D [info] Sent 200 in 6ms on GET /api/v2/main-page/indexing-status?
2025-12-01T02:37:30.572 application=api_v2 request_id=GHz27LdpiWJhYlMCgSem [info] Sent 501 in 71µs on GET /api/v2/proxy/account-abstraction/status?
2025-12-01T02:37:35.583 application=api_v2 request_id=GHz27eGgFUOA-YACgS1G [info] Sent 200 in 7ms on GET /api/v2/main-page/indexing-status?
2025-12-01T02:37:35.586 application=api_v2 request_id=GHz27eI6MeaV4D8CgS1m [info] Sent 501 in 78µs on GET /api/v2/proxy/account-abstraction/status?
2025-12-01T02:37:40.597 application=api_v2 request_id=GHz27wx5-JptSZICgS_G [info] Sent 200 in 8ms on GET /api/v2/main-page/indexing-status?
2025-12-01T02:37:40.600 application=api_v2 request_id=GHz27w0a23gecWwChDGj [info] Sent 501 in 78µs on GET /api/v2/proxy/account-abstraction/status?
2025-12-01T02:37:45.611 application=api_v2 request_id=GHz28DdV5jwjCTsCtSdh [info] Sent 200 in 7ms on GET /api/v2/main-page/indexing-status?
2025-12-01T02:37:45.614 application=api_v2 request_id=GHz28DfwEbK9vksChDND [info] Sent 501 in 109µs on GET /api/v2/proxy/account-abstraction/status?
2025-12-01T02:37:50.626 application=api_v2 request_id=GHz28WI0bDx-Op4ChDjD [info] Sent 200 in 8ms on GET /api/v2/main-page/indexing-status?
2025-12-01T02:37:50.629 application=api_v2 request_id=GHz28WLduq-hR1oChDjj [info] Sent 501 in 110µs on GET /api/v2/proxy/account-abstraction/status?
2025-12-01T02:37:55.640 application=api_v2 request_id=GHz28o0eVybC1cYChDmj [info] Sent 200 in 7ms on GET /api/v2/main-page/indexing-status?
2025-12-01T02:37:55.642 application=api_v2 request_id=GHz28o23JrfhsecChDnD [info] Sent 501 in 79µs on GET /api/v2/proxy/account-abstraction/status?
2025-12-01T02:38:00.654 application=api_v2 request_id=GHz287fxF4u9zYAChD4j [info] Sent 200 in 7ms on GET /api/v2/main-page/indexing-status?
2025-12-01T02:38:00.656 application=api_v2 request_id=GHz287iM8MNlqMEChD5D [info] Sent 501 in 79µs on GET /api/v2/proxy/account-abstraction/status?
2025-12-01T02:38:05.667 application=api_v2 request_id=GHz29OLUuyTQNyEChEBD [info] Sent 200 in 6ms on GET /api/v2/main-page/indexing-status?
2025-12-01T02:38:05.669 application=api_v2 request_id=GHz29ONe5euydzIChEBj [info] Sent 501 in 70µs on GET /api/v2/proxy/account-abstraction/status?
2025-12-01T02:38:10.679 application=api_v2 request_id=GHz29g2g0a4quzcChELj [info] Sent 200 in 5ms on GET /api/v2/main-page/indexing-status?
2025-12-01T02:38:10.681 application=api_v2 request_id=GHz29g4XnRUo07YChEMD [info] Sent 501 in 56µs on GET /api/v2/proxy/account-abstraction/status?
2025-12-01T02:38:15.692 application=api_v2 request_id=GHz29zhRbLa10x4CtUaB [info] Sent 200 in 7ms on GET /api/v2/main-page/indexing-status?
2025-12-01T02:38:15.695 application=api_v2 request_id=GHz29zj0hVtVWM0ChESD [info] Sent 501 in 80µs on GET /api/v2/proxy/account-abstraction/status?
2025-12-01T02:38:20.707 application=api_v2 request_id=GHz2-GMzHUWaRkgChEaj [info] Sent 200 in 7ms on GET /api/v2/main-page/indexing-status?
2025-12-01T02:38:20.709 application=api_v2 request_id=GHz2-GPRwctb5wcCtUiB [info] Sent 501 in 78µs on GET /api/v2/proxy/account-abstraction/status?
2025-12-01T02:38:25.720 application=api_v2 request_id=GHz2-Y4LltXeYl0CtUyh [info] Sent 200 in 7ms on GET /api/v2/main-page/indexing-status?
2025-12-01T02:38:25.723 application=api_v2 request_id=GHz2-Y6jI_qdkS8ChEgj [info] Sent 501 in 79µs on GET /api/v2/proxy/account-abstraction/status?
2025-12-01T02:38:30.733 application=api_v2 request_id=GHz2-rjeEnPvkdYChEqj [info] Sent 200 in 6ms on GET /api/v2/main-page/indexing-status?
2025-12-01T02:38:30.735 application=api_v2 request_id=GHz2-rlkOrdx1_4ChErD [info] Sent 501 in 60µs on GET /api/v2/proxy/account-abstraction/status?
2025-12-01T02:38:35.746 application=api_v2 request_id=GHz2--ObiSdkax8ChEwD [info] Sent 200 in 7ms on GET /api/v2/main-page/indexing-status?
2025-12-01T02:38:35.749 application=api_v2 request_id=GHz2--Q68ww8jvIChEwj [info] Sent 501 in 80µs on GET /api/v2/proxy/account-abstraction/status?
2025-12-01T02:38:40.760 application=api_v2 request_id=GHz2_Q588V0zOq8ChExD [info] Sent 200 in 7ms on GET /api/v2/main-page/indexing-status?
2025-12-01T02:38:40.763 application=api_v2 request_id=GHz2_Q8Y0OWMwJAChExj [info] Sent 501 in 79µs on GET /api/v2/proxy/account-abstraction/status?
2025-12-01T02:38:45.774 application=api_v2 request_id=GHz2_jlOeOIFoDUCgW_m [info] Sent 200 in 8ms on GET /api/v2/main-page/indexing-status?
2025-12-01T02:38:45.777 application=api_v2 request_id=GHz2_jn4cjK4easCtV5B [info] Sent 501 in 99µs on GET /api/v2/proxy/account-abstraction/status?
2025-12-01T02:38:50.789 application=api_v2 request_id=GHz2_2RAujjVCfwChFBj [info] Sent 200 in 7ms on GET /api/v2/main-page/indexing-status?
2025-12-01T02:38:50.792 application=api_v2 request_id=GHz2_2TgtC4UjNMChFCD [info] Sent 501 in 78µs on GET /api/v2/proxy/account-abstraction/status?
2025-12-01T02:38:55.802 application=api_v2 request_id=GHz3AI8UG8Q2ILMChFHD [info] Sent 200 in 7ms on GET /api/v2/main-page/indexing-status?
2025-12-01T02:38:55.805 application=api_v2 request_id=GHz3AI-wauTLElICtWgh [info] Sent 501 in 82µs on GET /api/v2/proxy/account-abstraction/status?
2025-12-01T02:39:00.817 application=api_v2 request_id=GHz3Abn1ur42WD4CgXrG [info] Sent 200 in 7ms on GET /api/v2/main-page/indexing-status?
2025-12-01T02:39:00.820 application=api_v2 request_id=GHz3AbqSnY178jYCd3HH [info] Sent 501 in 76µs on GET /api/v2/proxy/account-abstraction/status?
2025-12-01T02:39:05.831 application=api_v2 request_id=GHz3AuTWQXPC7-4ChFpD [info] Sent 200 in 7ms on GET /api/v2/main-page/indexing-status?
2025-12-01T02:39:05.834 application=api_v2 request_id=GHz3AuVz4SkUJQQChFpj [info] Sent 501 in 78µs on GET /api/v2/proxy/account-abstraction/status?
2025-12-01T02:39:10.841 application=api_v2 request_id=GHz3BA-nmcZYFOwCgYHG [info] Sent 200 in 3ms on GET /api/v2/main-page/indexing-status?
2025-12-01T02:39:10.842 application=api_v2 request_id=GHz3BA_47Oy_PA4CgYHm [info] Sent 501 in 44µs on GET /api/v2/proxy/account-abstraction/status?
2025-12-01T02:39:15.853 application=api_v2 request_id=GHz3BToyK0BVtH4ChF9j [info] Sent 200 in 7ms on GET /api/v2/main-page/indexing-status?
2025-12-01T02:39:15.856 application=api_v2 request_id=GHz3BTrKyDrDbpoChF-D [info] Sent 501 in 81µs on GET /api/v2/proxy/account-abstraction/status?
2025-12-01T02:39:20.867 application=api_v2 request_id=GHz3BmUJiWSa5P0ChGDD [info] Sent 200 in 7ms on GET /api/v2/main-page/indexing-status?
2025-12-01T02:39:20.869 application=api_v2 request_id=GHz3BmWhYA0lQLwCgYbG [info] Sent 501 in 79µs on GET /api/v2/proxy/account-abstraction/status?
2025-12-01T02:39:25.878 application=api_v2 request_id=GHz3B4_jzsgVDQ0CgYym [info] Sent 200 in 5ms on GET /api/v2/main-page/indexing-status?
2025-12-01T02:39:25.880 application=api_v2 request_id=GHz3B5BQzkwQN8ICgYzG [info] Sent 501 in 77µs on GET /api/v2/proxy/account-abstraction/status?
2025-12-01T02:39:30.891 application=api_v2 request_id=GHz3CLqMsDv2w28ChGKj [info] Sent 200 in 7ms on GET /api/v2/main-page/indexing-status?
2025-12-01T02:39:30.894 application=api_v2 request_id=GHz3CLsfBXnyJ5cCgY4G [info] Sent 501 in 91µs on GET /api/v2/proxy/account-abstraction/status?
2025-12-01T02:39:35.904 application=api_v2 request_id=GHz3CeVX1ZYxAWsCgZCm [info] Sent 200 in 7ms on GET /api/v2/main-page/indexing-status?
2025-12-01T02:39:35.907 application=api_v2 request_id=GHz3CeXqXymRXdwCgZDG [info] Sent 501 in 81µs on GET /api/v2/proxy/account-abstraction/status?
2025-12-01T02:39:40.918 application=api_v2 request_id=GHz3CxAtn4XVBzwCgZNm [info] Sent 200 in 7ms on GET /api/v2/main-page/indexing-status?
2025-12-01T02:39:40.921 application=api_v2 request_id=GHz3CxDGQdyoJEoCgZOG [info] Sent 501 in 80µs on GET /api/v2/proxy/account-abstraction/status?
2025-12-01T02:39:45.932 application=api_v2 request_id=GHz3DDsHluvKGxICgZdG [info] Sent 200 in 7ms on GET /api/v2/main-page/indexing-status?
2025-12-01T02:39:45.934 application=api_v2 request_id=GHz3DDugI_GitF8ChWAk [info] Sent 501 in 77µs on GET /api/v2/proxy/account-abstraction/status?
2025-12-01T02:39:50.946 application=api_v2 request_id=GHz3DWXfM2wXnqIChWIE [info] Sent 200 in 7ms on GET /api/v2/main-page/indexing-status?
2025-12-01T02:39:50.948 application=api_v2 request_id=GHz3DWZ6e1smC94CgZvm [info] Sent 501 in 82µs on GET /api/v2/proxy/account-abstraction/status?
2025-12-01T02:39:55.959 application=api_v2 request_id=GHz3DpC6QsBO0a0ChGuj [info] Sent 200 in 7ms on GET /api/v2/main-page/indexing-status?
2025-12-01T02:39:55.962 application=api_v2 request_id=GHz3DpFPb83_eVsChGvD [info] Sent 501 in 79µs on GET /api/v2/proxy/account-abstraction/status?
2025-12-01T02:40:00.973 application=api_v2 request_id=GHz3D7uN41d1nyIChHDD [info] Sent 200 in 7ms on GET /api/v2/main-page/indexing-status?
2025-12-01T02:40:00.975 application=api_v2 request_id=GHz3D7wjRNaAqWAChHDj [info] Sent 501 in 96µs on GET /api/v2/proxy/account-abstraction/status?
2025-12-01T02:40:05.986 application=api_v2 request_id=GHz3EOZlwrnbwyQChHPj [info] Sent 200 in 6ms on GET /api/v2/main-page/indexing-status?
2025-12-01T02:40:05.989 application=api_v2 request_id=GHz3EOb4lk4L2zQChHQD [info] Sent 501 in 79µs on GET /api/v2/proxy/account-abstraction/status?
2025-12-01T02:40:10.997 application=api_v2 request_id=GHz3EhEwwckGbiYChHfj [info] Sent 200 in 4ms on GET /api/v2/main-page/indexing-status?
2025-12-01T02:40:10.999 application=api_v2 request_id=GHz3EhGYnQQK70oCgarm [info] Sent 501 in 70µs on GET /api/v2/proxy/account-abstraction/status?
2025-12-01T02:40:16.008 application=api_v2 request_id=GHz3EzvUzrRRx4sChuZF [info] Sent 200 in 5ms on GET /api/v2/main-page/indexing-status?
2025-12-01T02:40:16.010 application=api_v2 request_id=GHz3EzxFjDh60nICga2m [info] Sent 501 in 54µs on GET /api/v2/proxy/account-abstraction/status?
2025-12-01T02:40:21.017 application=api_v2 request_id=GHz3FGZ9xwL5EUMCgbAm [info] Sent 200 in 4ms on GET /api/v2/main-page/indexing-status?
2025-12-01T02:40:21.019 application=api_v2 request_id=GHz3FGbV4nsYpbICgbBG [info] Sent 501 in 56µs on GET /api/v2/proxy/account-abstraction/status?
2025-12-01T02:40:26.026 application=api_v2 request_id=GHz3FZEGx7q5ZdkCgbGG [info] Sent 200 in 4ms on GET /api/v2/main-page/indexing-status?
2025-12-01T02:40:26.027 application=api_v2 request_id=GHz3FZFazXAJxVUCgbGm [info] Sent 501 in 45µs on GET /api/v2/proxy/account-abstraction/status?
2025-12-01T02:40:31.038 application=api_v2 request_id=GHz3FruQKfzMCC8CgbJm [info] Sent 200 in 7ms on GET /api/v2/main-page/indexing-status?
2025-12-01T02:40:31.041 application=api_v2 request_id=GHz3FrwpqmaacL0CgbKG [info] Sent 501 in 98µs on GET /api/v2/proxy/account-abstraction/status?
2025-12-01T02:40:36.052 application=api_v2 request_id=GHz3F-ZpT8f8wQ8CgbZG [info] Sent 200 in 7ms on GET /api/v2/main-page/indexing-status?
2025-12-01T02:40:36.054 application=api_v2 request_id=GHz3F-cD5qwpzCgCguni [info] Sent 501 in 70µs on GET /api/v2/proxy/account-abstraction/status?
2025-12-01T02:40:41.066 application=api_v2 request_id=GHz3GRFA3OxKk68CgvFC [info] Sent 200 in 8ms on GET /api/v2/main-page/indexing-status?
2025-12-01T02:40:41.069 application=api_v2 request_id=GHz3GRHix4Lh-hsCgblG [info] Sent 501 in 79µs on GET /api/v2/proxy/account-abstraction/status?
2025-12-01T02:40:46.080 application=api_v2 request_id=GHz3GjwjrF7sgNoCgbnG [info] Sent 200 in 7ms on GET /api/v2/main-page/indexing-status?
2025-12-01T02:40:46.083 application=api_v2 request_id=GHz3GjzBzUai-KgCtchB [info] Sent 501 in 78µs on GET /api/v2/proxy/account-abstraction/status?
2025-12-01T02:40:51.095 application=api_v2 request_id=GHz3G2b9Mr3vdiIChJbj [info] Sent 200 in 8ms on GET /api/v2/main-page/indexing-status?
2025-12-01T02:40:51.097 application=api_v2 request_id=GHz3G2el-PUww3wCgb1m [info] Sent 501 in 80µs on GET /api/v2/proxy/account-abstraction/status?
2025-12-01T02:40:56.109 application=api_v2 request_id=GHz3HJHo_JX2J78ChJ1j [info] Sent 200 in 7ms on GET /api/v2/main-page/indexing-status?
2025-12-01T02:40:56.112 application=api_v2 request_id=GHz3HJKJz2pNP9gChJ2D [info] Sent 501 in 78µs on GET /api/v2/proxy/account-abstraction/status?
2025-12-01T02:41:01.124 application=api_v2 request_id=GHz3HbzM89WOOzAChYlE [info] Sent 200 in 7ms on GET /api/v2/main-page/indexing-status?
2025-12-01T02:41:01.127 application=api_v2 request_id=GHz3Hb1sbhGu2WwCtdOh [info] Sent 501 in 78µs on GET /api/v2/proxy/account-abstraction/status?
2025-12-01T02:41:06.139 application=api_v2 request_id=GHz3HueuYRE2DUQCgwaC [info] Sent 200 in 8ms on GET /api/v2/main-page/indexing-status?
2025-12-01T02:41:06.141 application=api_v2 request_id=GHz3HuhVD5xqoeMChKWD [info] Sent 501 in 79µs on GET /api/v2/proxy/account-abstraction/status?
2025-12-01T02:41:11.153 application=api_v2 request_id=GHz3IBKV3Eyd924CgcWG [info] Sent 200 in 8ms on GET /api/v2/main-page/indexing-status?
2025-12-01T02:41:11.156 application=api_v2 request_id=GHz3IBM3xXVvus8CgcWm [info] Sent 501 in 79µs on GET /api/v2/proxy/account-abstraction/status?
2025-12-01T02:41:16.167 application=api_v2 request_id=GHz3IT10fm5I4u4CgcsG [info] Sent 200 in 7ms on GET /api/v2/main-page/indexing-status?
2025-12-01T02:41:16.169 application=api_v2 request_id=GHz3IT4Lrd_50m8Cgcsm [info] Sent 501 in 77µs on GET /api/v2/proxy/account-abstraction/status?
2025-12-01T02:41:21.182 application=api_v2 request_id=GHz3ImhSVTitBToCgc2m [info] Sent 200 in 8ms on GET /api/v2/main-page/indexing-status?
2025-12-01T02:41:21.184 application=api_v2 request_id=GHz3ImjzCUastnMCgc3G [info] Sent 501 in 79µs on GET /api/v2/proxy/account-abstraction/status?
2025-12-01T02:41:26.192 application=api_v2 request_id=GHz3I5MuOl7FkEECgdDm [info] Sent 200 in 4ms on GET /api/v2/main-page/indexing-status?
2025-12-01T02:41:26.193 application=api_v2 request_id=GHz3I5OFnPrUuQsCgdEG [info] Sent 501 in 53µs on GET /api/v2/proxy/account-abstraction/status?
2025-12-01T02:41:31.203 application=api_v2 request_id=GHz3JL23aq9fp0wCgxgi [info] Sent 200 in 6ms on GET /api/v2/main-page/indexing-status?
2025-12-01T02:41:31.205 application=api_v2 request_id=GHz3JL5BoztuvPwCgdUm [info] Sent 501 in 46µs on GET /api/v2/proxy/account-abstraction/status?
2025-12-01T02:41:36.216 application=api_v2 request_id=GHz3Jeh3703jQJEChLWD [info] Sent 200 in 8ms on GET /api/v2/main-page/indexing-status?
2025-12-01T02:41:36.219 application=api_v2 request_id=GHz3Jekb3nga27ECgdaG [info] Sent 501 in 81µs on GET /api/v2/proxy/account-abstraction/status?
2025-12-01T02:41:41.231 application=api_v2 request_id=GHz3JxNk91tze3cChLxj [info] Sent 200 in 7ms on GET /api/v2/main-page/indexing-status?
2025-12-01T02:41:41.234 application=api_v2 request_id=GHz3JxP98moGFkgChLyD [info] Sent 501 in 103µs on GET /api/v2/proxy/account-abstraction/status?
2025-12-01T02:41:46.241 application=api_v2 request_id=GHz3KD42iN00R-IChMFj [info] Sent 200 in 4ms on GET /api/v2/main-page/indexing-status?
2025-12-01T02:41:46.242 application=api_v2 request_id=GHz3KD6Km1bYDdYCd-fn [info] Sent 501 in 39µs on GET /api/v2/proxy/account-abstraction/status?
2025-12-01T02:41:51.252 application=api_v2 request_id=GHz3KWi_-DM4aX4CgeBm [info] Sent 200 in 6ms on GET /api/v2/main-page/indexing-status?
2025-12-01T02:41:51.255 application=api_v2 request_id=GHz3KWlSEK6BQUUCgyNi [info] Sent 501 in 81µs on GET /api/v2/proxy/account-abstraction/status?
2025-12-01T02:41:56.266 application=api_v2 request_id=GHz3KpOT0Ksw2Z4Cgecm [info] Sent 200 in 7ms on GET /api/v2/main-page/indexing-status?
2025-12-01T02:41:56.269 application=api_v2 request_id=GHz3KpQpiRfsIQkCgedG [info] Sent 501 in 78µs on GET /api/v2/proxy/account-abstraction/status?
2025-12-01T02:42:01.280 application=api_v2 request_id=GHz3K75nrwT3QH8Cgenm [info] Sent 200 in 7ms on GET /api/v2/main-page/indexing-status?
2025-12-01T02:42:01.283 application=api_v2 request_id=GHz3K78AdRPclqsChyJF [info] Sent 501 in 78µs on GET /api/v2/proxy/account-abstraction/status?
2025-12-01T02:42:06.294 application=api_v2 request_id=GHz3LOlAiGu_FKkCgesm [info] Sent 200 in 7ms on GET /api/v2/main-page/indexing-status?
2025-12-01T02:42:06.297 application=api_v2 request_id=GHz3LOngZT-GYegCgetG [info] Sent 501 in 80µs on GET /api/v2/proxy/account-abstraction/status?
2025-12-01T02:42:11.308 application=api_v2 request_id=GHz3LhQeZ1X00xAChNRD [info] Sent 200 in 7ms on GET /api/v2/main-page/indexing-status?
2025-12-01T02:42:11.310 application=api_v2 request_id=GHz3LhSywGs99SwChNRj [info] Sent 501 in 79µs on GET /api/v2/proxy/account-abstraction/status?
2025-12-01T02:42:16.322 application=api_v2 request_id=GHz3Lz75kxv4bs8ChNdj [info] Sent 200 in 7ms on GET /api/v2/main-page/indexing-status?
2025-12-01T02:42:16.325 application=api_v2 request_id=GHz3Lz-UMi8SVisCgfVm [info] Sent 501 in 107µs on GET /api/v2/proxy/account-abstraction/status?
2025-12-01T02:42:21.336 application=api_v2 request_id=GHz3MGnVihRUG8MChNnD [info] Sent 200 in 7ms on GET /api/v2/main-page/indexing-status?
2025-12-01T02:42:21.338 application=api_v2 request_id=GHz3MGpp5ucIXMgCgfnG [info] Sent 501 in 112µs on GET /api/v2/proxy/account-abstraction/status?
2025-12-01T02:42:26.350 application=api_v2 request_id=GHz3MZSzSuRw2xICgf7m [info] Sent 200 in 7ms on GET /api/v2/main-page/indexing-status?
2025-12-01T02:42:26.353 application=api_v2 request_id=GHz3MZVTGtkCU78Cgf8G [info] Sent 501 in 80µs on GET /api/v2/proxy/account-abstraction/status?
2025-12-01T02:42:31.364 application=api_v2 request_id=GHz3Mr-WC_PMpn4ChOFD [info] Sent 200 in 7ms on GET /api/v2/main-page/indexing-status?
2025-12-01T02:42:31.367 application=api_v2 request_id=GHz3MsAvh3pcNEACggNG [info] Sent 501 in 77µs on GET /api/v2/proxy/account-abstraction/status?
2025-12-01T02:42:36.375 application=api_v2 request_id=GHz3M-pxsu3tQcwCggVG [info] Sent 200 in 4ms on GET /api/v2/main-page/indexing-status?
2025-12-01T02:42:36.377 application=api_v2 request_id=GHz3M-rKTVmczDgChOJj [info] Sent 501 in 58µs on GET /api/v2/proxy/account-abstraction/status?
2025-12-01T02:42:41.388 application=api_v2 request_id=GHz3NRUFcYI2f_IChOSj [info] Sent 200 in 7ms on GET /api/v2/main-page/indexing-status?
2025-12-01T02:42:41.391 application=api_v2 request_id=GHz3NRWh_zw8xugCggpm [info] Sent 501 in 110µs on GET /api/v2/proxy/account-abstraction/status?
2025-12-01T02:42:46.402 application=api_v2 request_id=GHz3Nj_mZ2q5EtICggvm [info] Sent 200 in 7ms on GET /api/v2/main-page/indexing-status?
2025-12-01T02:42:46.405 application=api_v2 request_id=GHz3NkCIyNTZw_YChOWj [info] Sent 501 in 81µs on GET /api/v2/proxy/account-abstraction/status?
2025-12-01T02:42:51.414 application=api_v2 request_id=GHz3N2rC3COo7U4Cgg3G [info] Sent 200 in 4ms on GET /api/v2/main-page/indexing-status?
2025-12-01T02:42:51.416 application=api_v2 request_id=GHz3N2sq_PpbzF4ChOej [info] Sent 501 in 86µs on GET /api/v2/proxy/account-abstraction/status?
2025-12-01T02:42:56.427 application=api_v2 request_id=GHz3OJVrVFmAJesChOjj [info] Sent 200 in 7ms on GET /api/v2/main-page/indexing-status?
2025-12-01T02:42:56.429 application=api_v2 request_id=GHz3OJYB8N_d8ZgChOkD [info] Sent 501 in 77µs on GET /api/v2/proxy/account-abstraction/status?
2025-12-01T02:43:01.441 application=api_v2 request_id=GHz3OcBKZoC8sncChOrj [info] Sent 200 in 7ms on GET /api/v2/main-page/indexing-status?
2025-12-01T02:43:01.444 application=api_v2 request_id=GHz3OcDrSMIYFBUChOsD [info] Sent 501 in 81µs on GET /api/v2/proxy/account-abstraction/status?
2025-12-01T02:43:06.456 application=api_v2 request_id=GHz3Ous0gfBmuvACghgG [info] Sent 200 in 7ms on GET /api/v2/main-page/indexing-status?
2025-12-01T02:43:06.459 application=api_v2 request_id=GHz3OuvRuGjJ11EChO5j [info] Sent 501 in 72µs on GET /api/v2/proxy/account-abstraction/status?
2025-12-01T02:43:11.471 application=api_v2 request_id=GHz3PBYc7teXcOECgh4G [info] Sent 200 in 7ms on GET /api/v2/main-page/indexing-status?
2025-12-01T02:43:11.474 application=api_v2 request_id=GHz3PBa2rz-K1zQChPDD [info] Sent 501 in 98µs on GET /api/v2/proxy/account-abstraction/status?
2025-12-01T02:43:16.485 application=api_v2 request_id=GHz3PUD1cIhcISwChPhD [info] Sent 200 in 7ms on GET /api/v2/main-page/indexing-status?
2025-12-01T02:43:16.488 application=api_v2 request_id=GHz3PUGbkR7BsXQCeCpH [info] Sent 501 in 73µs on GET /api/v2/proxy/account-abstraction/status?
2025-12-01T02:43:21.500 application=api_v2 request_id=GHz3PmvjUCtYMyACeDCn [info] Sent 200 in 7ms on GET /api/v2/main-page/indexing-status?
2025-12-01T02:43:21.502 application=api_v2 request_id=GHz3Pmx64RIUDQwCeDDH [info] Sent 501 in 72µs on GET /api/v2/proxy/account-abstraction/status?
2025-12-01T02:43:26.514 application=api_v2 request_id=GHz3P5a6nDkDfb8CeDLH [info] Sent 200 in 7ms on GET /api/v2/main-page/indexing-status?
2025-12-01T02:43:26.517 application=api_v2 request_id=GHz3P5dZrj2ct0wChQID [info] Sent 501 in 96µs on GET /api/v2/proxy/account-abstraction/status?
2025-12-01T02:43:31.528 application=api_v2 request_id=GHz3QMGcNYRupy0ChQTj [info] Sent 200 in 7ms on GET /api/v2/main-page/indexing-status?
2025-12-01T02:43:31.531 application=api_v2 request_id=GHz3QMI7pAmeo6wCeDVn [info] Sent 501 in 78µs on GET /api/v2/proxy/account-abstraction/status?
2025-12-01T02:43:36.542 application=api_v2 request_id=GHz3Qex7eu943K8ChQnj [info] Sent 200 in 7ms on GET /api/v2/main-page/indexing-status?
2025-12-01T02:43:36.545 application=api_v2 request_id=GHz3Qe0VgWFuugcChQoD [info] Sent 501 in 81µs on GET /api/v2/proxy/account-abstraction/status?
2025-12-01T02:43:41.557 application=api_v2 request_id=GHz3QxdabBBdqmcCeDon [info] Sent 200 in 8ms on GET /api/v2/main-page/indexing-status?
2025-12-01T02:43:41.560 application=api_v2 request_id=GHz3QxgBm4h5ClECgjeG [info] Sent 501 in 109µs on GET /api/v2/proxy/account-abstraction/status?
2025-12-01T02:43:46.569 application=api_v2 request_id=GHz3REJJVIU2X_wChR1j [info] Sent 200 in 4ms on GET /api/v2/main-page/indexing-status?
2025-12-01T02:43:46.571 application=api_v2 request_id=GHz3REKqTflESycChR2D [info] Sent 501 in 45µs on GET /api/v2/proxy/account-abstraction/status?
2025-12-01T02:43:51.582 application=api_v2 request_id=GHz3RWzlScEtNjQCgjnm [info] Sent 200 in 7ms on GET /api/v2/main-page/indexing-status?
2025-12-01T02:43:51.584 application=api_v2 request_id=GHz3RW1_jBHAkicCgjoG [info] Sent 501 in 78µs on GET /api/v2/proxy/account-abstraction/status?
2025-12-01T02:43:56.596 application=api_v2 request_id=GHz3RpfD-B--gocCgjuG [info] Sent 200 in 8ms on GET /api/v2/main-page/indexing-status?
2025-12-01T02:43:56.599 application=api_v2 request_id=GHz3Rphj3DERrMQCeEbH [info] Sent 501 in 78µs on GET /api/v2/proxy/account-abstraction/status?
2025-12-01T02:44:01.610 application=api_v2 request_id=GHz3R8KisTNaM5UCeEwn [info] Sent 200 in 7ms on GET /api/v2/main-page/indexing-status?
2025-12-01T02:44:01.612 application=api_v2 request_id=GHz3R8M2CEWsYR8CeExH [info] Sent 501 in 75µs on GET /api/v2/proxy/account-abstraction/status?
2025-12-01T02:44:06.624 application=api_v2 request_id=GHz3SO11knUDhBUCgj2G [info] Sent 200 in 8ms on GET /api/v2/main-page/indexing-status?
2025-12-01T02:44:06.628 application=api_v2 request_id=GHz3SO4mLwJmmVECeFIH [info] Sent 501 in 107µs on GET /api/v2/proxy/account-abstraction/status?
2025-12-01T02:44:11.639 application=api_v2 request_id=GHz3ShhmVX8pEHEChTRD [info] Sent 200 in 7ms on GET /api/v2/main-page/indexing-status?
2025-12-01T02:44:11.642 application=api_v2 request_id=GHz3ShkCwnc9mVwCeFPn [info] Sent 501 in 85µs on GET /api/v2/proxy/account-abstraction/status?
2025-12-01T02:44:16.654 application=api_v2 request_id=GHz3S0NCZtnZ1ZACtnOB [info] Sent 200 in 8ms on GET /api/v2/main-page/indexing-status?
2025-12-01T02:44:16.657 application=api_v2 request_id=GHz3S0PuRFBcHLcCeFgH [info] Sent 501 in 78µs on GET /api/v2/proxy/account-abstraction/status?
2025-12-01T02:44:21.667 application=api_v2 request_id=GHz3TG4trQ-Sq6wCeFrH [info] Sent 200 in 6ms on GET /api/v2/main-page/indexing-status?
2025-12-01T02:44:21.669 application=api_v2 request_id=GHz3TG6z5Z5gTO8CgkaG [info] Sent 501 in 86µs on GET /api/v2/proxy/account-abstraction/status?
2025-12-01T02:44:26.680 application=api_v2 request_id=GHz3TZjwgbWqlXACgkmm [info] Sent 200 in 7ms on GET /api/v2/main-page/indexing-status?
2025-12-01T02:44:26.683 application=api_v2 request_id=GHz3TZmK8r1Bd0kCgknG [info] Sent 501 in 80µs on GET /api/v2/proxy/account-abstraction/status?
2025-12-01T02:44:31.694 application=api_v2 request_id=GHz3TsPAmVHalHUCgk1m [info] Sent 200 in 7ms on GET /api/v2/main-page/indexing-status?
2025-12-01T02:44:31.696 application=api_v2 request_id=GHz3TsRe5DD9cXgCgk2G [info] Sent 501 in 78µs on GET /api/v2/proxy/account-abstraction/status?
2025-12-01T02:44:36.706 application=api_v2 request_id=GHz3T-6dHwfqEH8CeG2H [info] Sent 200 in 6ms on GET /api/v2/main-page/indexing-status?
2025-12-01T02:44:36.708 application=api_v2 request_id=GHz3T-8dGJ2uFYsCg41C [info] Sent 501 in 55µs on GET /api/v2/proxy/account-abstraction/status?
2025-12-01T02:44:41.720 application=api_v2 request_id=GHz3URlVp-9LAGwCeHIH [info] Sent 200 in 8ms on GET /api/v2/main-page/indexing-status?
2025-12-01T02:44:41.723 application=api_v2 request_id=GHz3URn7eiLUM0QChjAE [info] Sent 501 in 78µs on GET /api/v2/proxy/account-abstraction/status?
2025-12-01T02:44:46.734 application=api_v2 request_id=GHz3UkQ6c2GxC3wCeHen [info] Sent 200 in 7ms on GET /api/v2/main-page/indexing-status?
2025-12-01T02:44:46.737 application=api_v2 request_id=GHz3UkTagLHjwq4ChVVj [info] Sent 501 in 80µs on GET /api/v2/proxy/account-abstraction/status?
2025-12-01T02:44:51.744 application=api_v2 request_id=GHz3U28QYD5y0McChVhj [info] Sent 200 in 4ms on GET /api/v2/main-page/indexing-status?
2025-12-01T02:44:51.745 application=api_v2 request_id=GHz3U29lXa7De48Cglsm [info] Sent 501 in 41µs on GET /api/v2/proxy/account-abstraction/status?
2025-12-01T02:44:56.756 application=api_v2 request_id=GHz3VJmaXm4-HQECgl1m [info] Sent 200 in 7ms on GET /api/v2/main-page/indexing-status?
2025-12-01T02:44:56.759 application=api_v2 request_id=GHz3VJo0KKWPb38ChVmj [info] Sent 501 in 79µs on GET /api/v2/proxy/account-abstraction/status?
2025-12-01T02:45:01.769 application=api_v2 request_id=GHz3VcRvCcxHttwCgmAm [info] Sent 200 in 7ms on GET /api/v2/main-page/indexing-status?
2025-12-01T02:45:01.772 application=api_v2 request_id=GHz3VcUAHhe2CwsCgmBG [info] Sent 501 in 77µs on GET /api/v2/proxy/account-abstraction/status?
2025-12-01T02:45:06.782 application=api_v2 request_id=GHz3Vu82qTyyNb8CgmGm [info] Sent 200 in 7ms on GET /api/v2/main-page/indexing-status?
2025-12-01T02:45:06.785 application=api_v2 request_id=GHz3Vu_RDcT1eloCgmHG [info] Sent 501 in 80µs on GET /api/v2/proxy/account-abstraction/status?
2025-12-01T02:45:11.797 application=api_v2 request_id=GHz3WBoc2mbGkN8CgmMG [info] Sent 200 in 7ms on GET /api/v2/main-page/indexing-status?
2025-12-01T02:45:11.800 application=api_v2 request_id=GHz3WBq5GgaIassCgmMm [info] Sent 501 in 79µs on GET /api/v2/proxy/account-abstraction/status?
2025-12-01T02:45:16.807 application=api_v2 request_id=GHz3WUTsPBHR7vICgmNm [info] Sent 200 in 4ms on GET /api/v2/main-page/indexing-status?
2025-12-01T02:45:16.809 application=api_v2 request_id=GHz3WUVI-FcRsk8ChWZj [info] Sent 501 in 101µs on GET /api/v2/proxy/account-abstraction/status?
2025-12-01T02:45:21.820 application=api_v2 request_id=GHz3Wm-F47B98yACgmUm [info] Sent 200 in 7ms on GET /api/v2/main-page/indexing-status?
2025-12-01T02:45:21.822 application=api_v2 request_id=GHz3WnAdRb3MVb8CgmVG [info] Sent 501 in 81µs on GET /api/v2/proxy/account-abstraction/status?
2025-12-01T02:45:26.834 application=api_v2 request_id=GHz3W5piluFMo58CgmnG [info] Sent 200 in 7ms on GET /api/v2/main-page/indexing-status?
2025-12-01T02:45:26.836 application=api_v2 request_id=GHz3W5r3p_A_0U0Cgmnm [info] Sent 501 in 78µs on GET /api/v2/proxy/account-abstraction/status?
2025-12-01T02:45:31.848 application=api_v2 request_id=GHz3XMU7ECataCoCgm9m [info] Sent 200 in 7ms on GET /api/v2/main-page/indexing-status?
2025-12-01T02:45:31.851 application=api_v2 request_id=GHz3XMXWhUHB-qIChXgj [info] Sent 501 in 80µs on GET /api/v2/proxy/account-abstraction/status?
2025-12-01T02:45:36.862 application=api_v2 request_id=GHz3XfAXPgCNQOgChXwD [info] Sent 200 in 7ms on GET /api/v2/main-page/indexing-status?
2025-12-01T02:45:36.865 application=api_v2 request_id=GHz3XfCyb57xWCMCgnXm [info] Sent 501 in 81µs on GET /api/v2/proxy/account-abstraction/status?
2025-12-01T02:45:41.876 application=api_v2 request_id=GHz3Xxr0X8cpsykCgn6G [info] Sent 200 in 7ms on GET /api/v2/main-page/indexing-status?
2025-12-01T02:45:41.878 application=api_v2 request_id=GHz3XxuI09p3okYCgn6m [info] Sent 501 in 78µs on GET /api/v2/proxy/account-abstraction/status?
2025-12-01T02:45:46.890 application=api_v2 request_id=GHz3YEXGaBC1zQgCgoHG [info] Sent 200 in 7ms on GET /api/v2/main-page/indexing-status?
2025-12-01T02:45:46.892 application=api_v2 request_id=GHz3YEZgxqwi6-cCgoHm [info] Sent 501 in 80µs on GET /api/v2/proxy/account-abstraction/status?
2025-12-01T02:45:51.903 application=api_v2 request_id=GHz3YXCinLgMWucCgoQm [info] Sent 200 in 7ms on GET /api/v2/main-page/indexing-status?
2025-12-01T02:45:51.906 application=api_v2 request_id=GHz3YXE1wHHqs7wCgoRG [info] Sent 501 in 97µs on GET /api/v2/proxy/account-abstraction/status?
2025-12-01T02:45:56.916 application=api_v2 request_id=GHz3Ypt1b8dpROIChYfj [info] Sent 200 in 7ms on GET /api/v2/main-page/indexing-status?
2025-12-01T02:45:56.919 application=api_v2 request_id=GHz3YpwKPhO01v8ChYgD [info] Sent 501 in 80µs on GET /api/v2/proxy/account-abstraction/status?
2025-12-01T02:46:01.929 application=api_v2 request_id=GHz3Y8ZJ_m6qAhACK4jo [info] Sent 200 in 6ms on GET /api/v2/main-page/indexing-status?
2025-12-01T02:46:01.931 application=api_v2 request_id=GHz3Y8bKnT2MUlYCK4kI [info] Sent 501 in 58µs on GET /api/v2/proxy/account-abstraction/status?
2025-12-01T02:46:06.942 application=api_v2 request_id=GHz3ZPEFqrHQ__sCgpmm [info] Sent 200 in 7ms on GET /api/v2/main-page/indexing-status?
2025-12-01T02:46:06.945 application=api_v2 request_id=GHz3ZPGbM1pk9m0CgpnG [info] Sent 501 in 78µs on GET /api/v2/proxy/account-abstraction/status?
2025-12-01T02:46:11.956 application=api_v2 request_id=GHz3ZhvXx-cJXhQChY3j [info] Sent 200 in 7ms on GET /api/v2/main-page/indexing-status?
2025-12-01T02:46:11.958 application=api_v2 request_id=GHz3ZhxyQ2B13GUChY4D [info] Sent 501 in 79µs on GET /api/v2/proxy/account-abstraction/status?
2025-12-01T02:46:16.967 application=api_v2 request_id=GHz3Z0avqGDT-30ChZMj [info] Sent 200 in 4ms on GET /api/v2/main-page/indexing-status?
2025-12-01T02:46:16.968 application=api_v2 request_id=GHz3Z0cVIGvC0b4ChZND [info] Sent 501 in 60µs on GET /api/v2/proxy/account-abstraction/status?
2025-12-01T02:46:21.980 application=api_v2 request_id=GHz3aHFWoVDwYBECgq9G [info] Sent 200 in 7ms on GET /api/v2/main-page/indexing-status?
2025-12-01T02:46:21.982 application=api_v2 request_id=GHz3aHHrWmkTHaICgq9m [info] Sent 501 in 78µs on GET /api/v2/proxy/account-abstraction/status?
2025-12-01T02:46:26.994 application=api_v2 request_id=GHz3aZwuHjOl35kChZrj [info] Sent 200 in 7ms on GET /api/v2/main-page/indexing-status?
2025-12-01T02:46:26.996 application=api_v2 request_id=GHz3aZzIsNdxZgUChZsD [info] Sent 501 in 81µs on GET /api/v2/proxy/account-abstraction/status?
2025-12-01T02:46:32.006 application=api_v2 request_id=GHz3ascMot2dI2gChZvj [info] Sent 200 in 5ms on GET /api/v2/main-page/indexing-status?
2025-12-01T02:46:32.008 application=api_v2 request_id=GHz3aseHjHRrMs4Cg8_i [info] Sent 501 in 65µs on GET /api/v2/proxy/account-abstraction/status?
2025-12-01T02:46:37.019 application=api_v2 request_id=GHz3a_HJqCwTAV4ChaGj [info] Sent 200 in 7ms on GET /api/v2/main-page/indexing-status?
2025-12-01T02:46:37.022 application=api_v2 request_id=GHz3a_Jctl84tmICgsCG [info] Sent 501 in 81µs on GET /api/v2/proxy/account-abstraction/status?
2025-12-01T02:46:42.033 application=api_v2 request_id=GHz3bRyU53lfHcQCgsRG [info] Sent 200 in 8ms on GET /api/v2/main-page/indexing-status?
2025-12-01T02:46:42.036 application=api_v2 request_id=GHz3bR01G-k735ECgsRm [info] Sent 501 in 79µs on GET /api/v2/proxy/account-abstraction/status?
2025-12-01T02:46:47.047 application=api_v2 request_id=GHz3bkdzCFPXsiECgskG [info] Sent 200 in 7ms on GET /api/v2/main-page/indexing-status?
2025-12-01T02:46:47.050 application=api_v2 request_id=GHz3bkgRjCysw2UCgskm [info] Sent 501 in 80µs on GET /api/v2/proxy/account-abstraction/status?
2025-12-01T02:46:52.061 application=api_v2 request_id=GHz3b3JOkf9FlBkCgsqG [info] Sent 200 in 7ms on GET /api/v2/main-page/indexing-status?
2025-12-01T02:46:52.064 application=api_v2 request_id=GHz3b3Lyo7sqSA4Cgsqm [info] Sent 501 in 73µs on GET /api/v2/proxy/account-abstraction/status?
2025-12-01T02:46:57.076 application=api_v2 request_id=GHz3cJ01fW6PuCYCgs-G [info] Sent 200 in 7ms on GET /api/v2/main-page/indexing-status?
2025-12-01T02:46:57.079 application=api_v2 request_id=GHz3cJ3S3vm_aSECgs-m [info] Sent 501 in 92µs on GET /api/v2/proxy/account-abstraction/status?
2025-12-01T02:47:02.090 application=api_v2 request_id=GHz3ccgTQDaXE4oCgtNG [info] Sent 200 in 7ms on GET /api/v2/main-page/indexing-status?
2025-12-01T02:47:02.093 application=api_v2 request_id=GHz3ccivWOxKriACgtNm [info] Sent 501 in 81µs on GET /api/v2/proxy/account-abstraction/status?
2025-12-01T02:47:07.101 application=api_v2 request_id=GHz3cvLo5Wk4Ml8CgtfG [info] Sent 200 in 5ms on GET /api/v2/main-page/indexing-status?
2025-12-01T02:47:07.103 application=api_v2 request_id=GHz3cvNXZhF2OyYCgtfm [info] Sent 501 in 50µs on GET /api/v2/proxy/account-abstraction/status?
2025-12-01T02:47:12.110 application=api_v2 request_id=GHz3dB2HWwWuz7UCgtqG [info] Sent 200 in 4ms on GET /api/v2/main-page/indexing-status?
2025-12-01T02:47:12.112 application=api_v2 request_id=GHz3dB3p7hIgCuUCgtqm [info] Sent 501 in 60µs on GET /api/v2/proxy/account-abstraction/status?
2025-12-01T02:47:17.123 application=api_v2 request_id=GHz3dUgccfqEzYICguBG [info] Sent 200 in 7ms on GET /api/v2/main-page/indexing-status?
2025-12-01T02:47:17.126 application=api_v2 request_id=GHz3dUi2i8ndX6kCguBm [info] Sent 501 in 102µs on GET /api/v2/proxy/account-abstraction/status?
2025-12-01T02:47:22.137 application=api_v2 request_id=GHz3dnL2F6bXf7gCguTG [info] Sent 200 in 7ms on GET /api/v2/main-page/indexing-status?
2025-12-01T02:47:22.139 application=api_v2 request_id=GHz3dnOQ-BOoyeMCguTm [info] Sent 501 in 81µs on GET /api/v2/proxy/account-abstraction/status?
2025-12-01T02:47:27.151 application=api_v2 request_id=GHz3d53RranpPV8Cgujm [info] Sent 200 in 7ms on GET /api/v2/main-page/indexing-status?
2025-12-01T02:47:27.153 application=api_v2 request_id=GHz3d55sLk39wIoCgukG [info] Sent 501 in 78µs on GET /api/v2/proxy/account-abstraction/status?
2025-12-01T02:47:32.165 application=api_v2 request_id=GHz3eMirH70SFYwCguzm [info] Sent 200 in 7ms on GET /api/v2/main-page/indexing-status?
2025-12-01T02:47:32.167 application=api_v2 request_id=GHz3eMlDh_PnXh4Cgu0G [info] Sent 501 in 79µs on GET /api/v2/proxy/account-abstraction/status?
2025-12-01T02:47:37.179 application=api_v2 request_id=GHz3efODEXqmekICgu1m [info] Sent 200 in 7ms on GET /api/v2/main-page/indexing-status?
2025-12-01T02:47:37.181 application=api_v2 request_id=GHz3efQiVj0triYChcgD [info] Sent 501 in 80µs on GET /api/v2/proxy/account-abstraction/status?
2025-12-01T02:47:42.193 application=api_v2 request_id=GHz3ex5mg6HwT6wChcqj [info] Sent 200 in 7ms on GET /api/v2/main-page/indexing-status?
2025-12-01T02:47:42.196 application=api_v2 request_id=GHz3ex8GDALNu6QCgvMm [info] Sent 501 in 79µs on GET /api/v2/proxy/account-abstraction/status?
2025-12-01T02:47:47.208 application=api_v2 request_id=GHz3fElMgRA8U3ACgvZG [info] Sent 200 in 7ms on GET /api/v2/main-page/indexing-status?
2025-12-01T02:47:47.210 application=api_v2 request_id=GHz3fEnodknKHLoChc4j [info] Sent 501 in 80µs on GET /api/v2/proxy/account-abstraction/status?
2025-12-01T02:47:52.222 application=api_v2 request_id=GHz3fXQtWNcF22MCgvmG [info] Sent 200 in 7ms on GET /api/v2/main-page/indexing-status?
2025-12-01T02:47:52.224 application=api_v2 request_id=GHz3fXTEoDRds14ChdJD [info] Sent 501 in 79µs on GET /api/v2/proxy/account-abstraction/status?
2025-12-01T02:47:57.236 application=api_v2 request_id=GHz3fp8GTbtTF9AChdTj [info] Sent 200 in 7ms on GET /api/v2/main-page/indexing-status?
2025-12-01T02:47:57.238 application=api_v2 request_id=GHz3fp-grSbQBmgCK8gI [info] Sent 501 in 77µs on GET /api/v2/proxy/account-abstraction/status?
2025-12-01T02:48:02.246 application=api_v2 request_id=GHz3f8nZhQXD1okChrzk [info] Sent 200 in 4ms on GET /api/v2/main-page/indexing-status?
2025-12-01T02:48:02.247 application=api_v2 request_id=GHz3f8ox1v8n0zMChdkj [info] Sent 501 in 41µs on GET /api/v2/proxy/account-abstraction/status?
2025-12-01T02:48:07.258 application=api_v2 request_id=GHz3gPRnjLYGAX4ChdwD [info] Sent 200 in 7ms on GET /api/v2/main-page/indexing-status?
2025-12-01T02:48:07.261 application=api_v2 request_id=GHz3gPUDeQLqFvMChdwj [info] Sent 501 in 78µs on GET /api/v2/proxy/account-abstraction/status?
2025-12-01T02:48:12.272 application=api_v2 request_id=GHz3gh9E1o0eqTICheGD [info] Sent 200 in 7ms on GET /api/v2/main-page/indexing-status?
2025-12-01T02:48:12.275 application=api_v2 request_id=GHz3gh_gfR1zC58CiAVF [info] Sent 501 in 79µs on GET /api/v2/proxy/account-abstraction/status?
2025-12-01T02:48:17.282 application=api_v2 request_id=GHz3g0oez4yQa9sCgwZG [info] Sent 200 in 3ms on GET /api/v2/main-page/indexing-status?
2025-12-01T02:48:17.284 application=api_v2 request_id=GHz3g0pzriqadnsCgwZm [info] Sent 501 in 37µs on GET /api/v2/proxy/account-abstraction/status?
2025-12-01T02:48:22.295 application=api_v2 request_id=GHz3hHSs-bE37dQCgwxm [info] Sent 200 in 7ms on GET /api/v2/main-page/indexing-status?
2025-12-01T02:48:22.298 application=api_v2 request_id=GHz3hHVITI-zDJcCgwyG [info] Sent 501 in 112µs on GET /api/v2/proxy/account-abstraction/status?
2025-12-01T02:48:27.310 application=api_v2 request_id=GHz3hZ-QwgopTbQCgxLG [info] Sent 200 in 7ms on GET /api/v2/main-page/indexing-status?
2025-12-01T02:48:27.312 application=api_v2 request_id=GHz3haAr5ICs360CgxLm [info] Sent 501 in 82µs on GET /api/v2/proxy/account-abstraction/status?
2025-12-01T02:48:32.324 application=api_v2 request_id=GHz3hsptSfzmsMMCgxSm [info] Sent 200 in 7ms on GET /api/v2/main-page/indexing-status?
2025-12-01T02:48:32.326 application=api_v2 request_id=GHz3hssDPM8GO50CtyPB [info] Sent 501 in 80µs on GET /api/v2/proxy/account-abstraction/status?
2025-12-01T02:48:37.338 application=api_v2 request_id=GHz3h_VMPwyMumwCgxim [info] Sent 200 in 7ms on GET /api/v2/main-page/indexing-status?
2025-12-01T02:48:37.341 application=api_v2 request_id=GHz3h_Xm1eYbVGgCgxjG [info] Sent 501 in 97µs on GET /api/v2/proxy/account-abstraction/status?
2025-12-01T02:48:42.352 application=api_v2 request_id=GHz3iSAmQ65WdpkCgx7G [info] Sent 200 in 7ms on GET /api/v2/main-page/indexing-status?
2025-12-01T02:48:42.355 application=api_v2 request_id=GHz3iSDEb8SB6F4Cgx7m [info] Sent 501 in 79µs on GET /api/v2/proxy/account-abstraction/status?
2025-12-01T02:48:47.365 application=api_v2 request_id=GHz3ikr_C_mxFHwCgyYm [info] Sent 200 in 7ms on GET /api/v2/main-page/indexing-status?
2025-12-01T02:48:47.368 application=api_v2 request_id=GHz3ikuUDSaPTFUCgyZG [info] Sent 501 in 79µs on GET /api/v2/proxy/account-abstraction/status?
2025-12-01T02:48:52.379 application=api_v2 request_id=GHz3i3XJ3AabImACgyeG [info] Sent 200 in 7ms on GET /api/v2/main-page/indexing-status?
2025-12-01T02:48:52.381 application=api_v2 request_id=GHz3i3Zke7Hez8ICeQvH [info] Sent 501 in 96µs on GET /api/v2/proxy/account-abstraction/status?
2025-12-01T02:48:57.392 application=api_v2 request_id=GHz3jKCocvHwSUgCgypm [info] Sent 200 in 7ms on GET /api/v2/main-page/indexing-status?
2025-12-01T02:48:57.395 application=api_v2 request_id=GHz3jKE_-DIUWbMCeQ0n [info] Sent 501 in 110µs on GET /api/v2/proxy/account-abstraction/status?
2025-12-01T02:49:02.406 application=api_v2 request_id=GHz3jcuEFht47K4CgzAm [info] Sent 200 in 7ms on GET /api/v2/main-page/indexing-status?
2025-12-01T02:49:02.409 application=api_v2 request_id=GHz3jcwX3tgUAC8CgzBG [info] Sent 501 in 111µs on GET /api/v2/proxy/account-abstraction/status?
2025-12-01T02:49:07.420 application=api_v2 request_id=GHz3jvZbYWTfO4QCgzLm [info] Sent 200 in 7ms on GET /api/v2/main-page/indexing-status?
2025-12-01T02:49:07.423 application=api_v2 request_id=GHz3jvbzFA20j3gCgzMG [info] Sent 501 in 98µs on GET /api/v2/proxy/account-abstraction/status?
2025-12-01T02:49:12.434 application=api_v2 request_id=GHz3kCE23-3eAPsCgzZG [info] Sent 200 in 7ms on GET /api/v2/main-page/indexing-status?
2025-12-01T02:49:12.437 application=api_v2 request_id=GHz3kCHQxq3DITsCgzZm [info] Sent 501 in 71µs on GET /api/v2/proxy/account-abstraction/status?
2025-12-01T02:49:17.447 application=api_v2 request_id=GHz3kUwBoqGuEugCgzwm [info] Sent 200 in 7ms on GET /api/v2/main-page/indexing-status?
2025-12-01T02:49:17.450 application=api_v2 request_id=GHz3kUyacW7nU4gCgzxG [info] Sent 501 in 79µs on GET /api/v2/proxy/account-abstraction/status?
2025-12-01T02:49:22.457 application=api_v2 request_id=GHz3knbPcMkF8_EChvgk [info] Sent 200 in 4ms on GET /api/v2/main-page/indexing-status?
2025-12-01T02:49:22.459 application=api_v2 request_id=GHz3kncqz5i1PxwCK_kI [info] Sent 501 in 44µs on GET /api/v2/proxy/account-abstraction/status?
2025-12-01T02:49:27.470 application=api_v2 request_id=GHz3k6FqElJVdKICgz8G [info] Sent 200 in 7ms on GET /api/v2/main-page/indexing-status?
2025-12-01T02:49:27.473 application=api_v2 request_id=GHz3k6IIWGTj3SUCgz8m [info] Sent 501 in 78µs on GET /api/v2/proxy/account-abstraction/status?
2025-12-01T02:49:32.485 application=api_v2 request_id=GHz3lMxORnS55Y4Cg0Lm [info] Sent 200 in 7ms on GET /api/v2/main-page/indexing-status?
2025-12-01T02:49:32.488 application=api_v2 request_id=GHz3lMzq96jKxHYCg0MG [info] Sent 501 in 93µs on GET /api/v2/proxy/account-abstraction/status?
2025-12-01T02:49:37.499 application=api_v2 request_id=GHz3lfctgmUrQuIChh7D [info] Sent 200 in 7ms on GET /api/v2/main-page/indexing-status?
2025-12-01T02:49:37.501 application=api_v2 request_id=GHz3lffA3xSJ1acCg0XG [info] Sent 501 in 78µs on GET /api/v2/proxy/account-abstraction/status?
2025-12-01T02:49:42.514 application=api_v2 request_id=GHz3lyIJD9AidyoChiLD [info] Sent 200 in 8ms on GET /api/v2/main-page/indexing-status?
2025-12-01T02:49:42.516 application=api_v2 request_id=GHz3lyKqzy7GaoEChiLj [info] Sent 501 in 78µs on GET /api/v2/proxy/account-abstraction/status?
2025-12-01T02:49:47.528 application=api_v2 request_id=GHz3mEzy4PFr_gcCg0sG [info] Sent 200 in 7ms on GET /api/v2/main-page/indexing-status?
2025-12-01T02:49:47.531 application=api_v2 request_id=GHz3mE2V1fgjP2EChiRj [info] Sent 501 in 78µs on GET /api/v2/proxy/account-abstraction/status?
2025-12-01T02:49:52.543 application=api_v2 request_id=GHz3mXfW6HA8Dj4Cg0xm [info] Sent 200 in 8ms on GET /api/v2/main-page/indexing-status?
2025-12-01T02:49:52.546 application=api_v2 request_id=GHz3mXh8wM4JUTgCg0yG [info] Sent 501 in 78µs on GET /api/v2/proxy/account-abstraction/status?
2025-12-01T02:49:57.557 application=api_v2 request_id=GHz3mqKxsRmK-uUCg08G [info] Sent 200 in 7ms on GET /api/v2/main-page/indexing-status?
2025-12-01T02:49:57.559 application=api_v2 request_id=GHz3mqNQr0vKNvgCg08m [info] Sent 501 in 97µs on GET /api/v2/proxy/account-abstraction/status?
2025-12-01T02:50:02.570 application=api_v2 request_id=GHz3m82MpCSRIdsCg1UG [info] Sent 200 in 7ms on GET /api/v2/main-page/indexing-status?
2025-12-01T02:50:02.573 application=api_v2 request_id=GHz3m84l8MJ9KZUCg1Um [info] Sent 501 in 78µs on GET /api/v2/proxy/account-abstraction/status?
2025-12-01T02:50:07.585 application=api_v2 request_id=GHz3nPhqZX3jTqACg1eG [info] Sent 200 in 8ms on GET /api/v2/main-page/indexing-status?
2025-12-01T02:50:07.588 application=api_v2 request_id=GHz3nPkSHosaq-YCg1em [info] Sent 501 in 79µs on GET /api/v2/proxy/account-abstraction/status?
2025-12-01T02:50:12.600 application=api_v2 request_id=GHz3niNSXUBOVFwCg1wm [info] Sent 200 in 7ms on GET /api/v2/main-page/indexing-status?
2025-12-01T02:50:12.602 application=api_v2 request_id=GHz3niPy5paRMRICg1xG [info] Sent 501 in 78µs on GET /api/v2/proxy/account-abstraction/status?
2025-12-01T02:50:17.614 application=api_v2 request_id=GHz3n0437CuAvsUCg2Bm [info] Sent 200 in 7ms on GET /api/v2/main-page/indexing-status?
2025-12-01T02:50:17.617 application=api_v2 request_id=GHz3n07TABwz_9ACg2CG [info] Sent 501 in 78µs on GET /api/v2/proxy/account-abstraction/status?
2025-12-01T02:50:22.628 application=api_v2 request_id=GHz3oHkUPNtkCvgCg2PG [info] Sent 200 in 7ms on GET /api/v2/main-page/indexing-status?
2025-12-01T02:50:22.631 application=api_v2 request_id=GHz3oHm0UdFRwvQCg2Pm [info] Sent 501 in 80µs on GET /api/v2/proxy/account-abstraction/status?
2025-12-01T02:50:27.642 application=api_v2 request_id=GHz3oaPj73uV1JMCg2aG [info] Sent 200 in 7ms on GET /api/v2/main-page/indexing-status?
2025-12-01T02:50:27.644 application=api_v2 request_id=GHz3oaSBu_8qc8EChkJD [info] Sent 501 in 78µs on GET /api/v2/proxy/account-abstraction/status?
2025-12-01T02:50:32.653 application=api_v2 request_id=GHz3os7FYwx1z9YChkrj [info] Sent 200 in 5ms on GET /api/v2/main-page/indexing-status?
2025-12-01T02:50:32.655 application=api_v2 request_id=GHz3os8svjoy_H0ChksD [info] Sent 501 in 83µs on GET /api/v2/proxy/account-abstraction/status?
2025-12-01T02:50:37.666 application=api_v2 request_id=GHz3o_lqApXmWEoChzqE [info] Sent 200 in 7ms on GET /api/v2/main-page/indexing-status?
2025-12-01T02:50:37.668 application=api_v2 request_id=GHz3o_n329LAOL4ChkzD [info] Sent 501 in 77µs on GET /api/v2/proxy/account-abstraction/status?
2025-12-01T02:50:42.678 application=api_v2 request_id=GHz3pSQq_rIqQdMChlCD [info] Sent 200 in 7ms on GET /api/v2/main-page/indexing-status?
2025-12-01T02:50:42.681 application=api_v2 request_id=GHz3pSTIiBJc4RIChlCj [info] Sent 501 in 81µs on GET /api/v2/proxy/account-abstraction/status?
2025-12-01T02:50:47.689 application=api_v2 request_id=GHz3pk8LHnGCpJ8Cg3Um [info] Sent 200 in 4ms on GET /api/v2/main-page/indexing-status?
2025-12-01T02:50:47.691 application=api_v2 request_id=GHz3pk9njikcfSoChlWj [info] Sent 501 in 45µs on GET /api/v2/proxy/account-abstraction/status?
2025-12-01T02:50:52.699 application=api_v2 request_id=GHz3p3mdnD3xvEUChlpj [info] Sent 200 in 4ms on GET /api/v2/main-page/indexing-status?
2025-12-01T02:50:52.701 application=api_v2 request_id=GHz3p3n_Fx3E-2oCg3kG [info] Sent 501 in 76µs on GET /api/v2/proxy/account-abstraction/status?
2025-12-01T02:50:57.712 application=api_v2 request_id=GHz3qKQz_yYuLncChHcC [info] Sent 200 in 8ms on GET /api/v2/main-page/indexing-status?
2025-12-01T02:50:57.715 application=api_v2 request_id=GHz3qKTfaV76FqcChHci [info] Sent 501 in 111µs on GET /api/v2/proxy/account-abstraction/status?
2025-12-01T02:51:02.727 application=api_v2 request_id=GHz3qc8jPZ6u9ssCeUPH [info] Sent 200 in 7ms on GET /api/v2/main-page/indexing-status?
2025-12-01T02:51:02.729 application=api_v2 request_id=GHz3qc_B0wnb6RwChHwC [info] Sent 501 in 78µs on GET /api/v2/proxy/account-abstraction/status?
2025-12-01T02:51:07.739 application=api_v2 request_id=GHz3qvoE_9LVtosCg3-m [info] Sent 200 in 5ms on GET /api/v2/main-page/indexing-status?
2025-12-01T02:51:07.741 application=api_v2 request_id=GHz3qvp3Nr8MZAgCg3_G [info] Sent 501 in 63µs on GET /api/v2/proxy/account-abstraction/status?
2025-12-01T02:51:12.752 application=api_v2 request_id=GHz3rCSxnrbUImoCg4Nm [info] Sent 200 in 7ms on GET /api/v2/main-page/indexing-status?
2025-12-01T02:51:12.754 application=api_v2 request_id=GHz3rCVEjq1siPQCg4OG [info] Sent 501 in 78µs on GET /api/v2/proxy/account-abstraction/status?
2025-12-01T02:51:17.764 application=api_v2 request_id=GHz3rU91X0XDEjECg4WG [info] Sent 200 in 7ms on GET /api/v2/main-page/indexing-status?
2025-12-01T02:51:17.767 application=api_v2 request_id=GHz3rVARl57y-P0ChIoi [info] Sent 501 in 80µs on GET /api/v2/proxy/account-abstraction/status?
2025-12-01T02:51:22.778 application=api_v2 request_id=GHz3rnpQNI4WB3cCg4km [info] Sent 200 in 7ms on GET /api/v2/main-page/indexing-status?
2025-12-01T02:51:22.781 application=api_v2 request_id=GHz3rnrpqhSsLwUCg4lG [info] Sent 501 in 79µs on GET /api/v2/proxy/account-abstraction/status?
2025-12-01T02:51:27.790 application=api_v2 request_id=GHz3r6UdWrVKq8gCg5Bm [info] Sent 200 in 5ms on GET /api/v2/main-page/indexing-status?
2025-12-01T02:51:27.792 application=api_v2 request_id=GHz3r6WdYb8HB7UCg5CG [info] Sent 501 in 81µs on GET /api/v2/proxy/account-abstraction/status?
2025-12-01T02:51:32.804 application=api_v2 request_id=GHz3sM_ftCCcMIcCg5HG [info] Sent 200 in 7ms on GET /api/v2/main-page/indexing-status?
2025-12-01T02:51:32.806 application=api_v2 request_id=GHz3sNB5N0HMgocCg5Hm [info] Sent 501 in 80µs on GET /api/v2/proxy/account-abstraction/status?
2025-12-01T02:51:37.816 application=api_v2 request_id=GHz3sfq34fvmp28Cg5Vm [info] Sent 200 in 5ms on GET /api/v2/main-page/indexing-status?
2025-12-01T02:51:37.818 application=api_v2 request_id=GHz3sfs3ZdPMHB4Cg5WG [info] Sent 501 in 65µs on GET /api/v2/proxy/account-abstraction/status?
2025-12-01T02:51:42.826 application=api_v2 request_id=GHz3syVms_B1eX4CeWPn [info] Sent 200 in 4ms on GET /api/v2/main-page/indexing-status?
2025-12-01T02:51:42.827 application=api_v2 request_id=GHz3syXHsyvmvf4Cg5uG [info] Sent 501 in 55µs on GET /api/v2/proxy/account-abstraction/status?
2025-12-01T02:51:47.838 application=api_v2 request_id=GHz3tFAAa6kTTq4CLEnI [info] Sent 200 in 7ms on GET /api/v2/main-page/indexing-status?
2025-12-01T02:51:47.841 application=api_v2 request_id=GHz3tFCV63Wn3JYCg6AG [info] Sent 501 in 95µs on GET /api/v2/proxy/account-abstraction/status?
2025-12-01T02:51:52.852 application=api_v2 request_id=GHz3tXrcEj55TD0Cg6Cm [info] Sent 200 in 7ms on GET /api/v2/main-page/indexing-status?
2025-12-01T02:51:52.855 application=api_v2 request_id=GHz3tXt7MeFoOKoCg6DG [info] Sent 501 in 79µs on GET /api/v2/proxy/account-abstraction/status?
2025-12-01T02:51:57.866 application=api_v2 request_id=GHz3tqXAHEN2FcECeW7H [info] Sent 200 in 6ms on GET /api/v2/main-page/indexing-status?
2025-12-01T02:51:57.869 application=api_v2 request_id=GHz3tqZM6Y80i6wChouD [info] Sent 501 in 73µs on GET /api/v2/proxy/account-abstraction/status?
2025-12-01T02:52:02.880 application=api_v2 request_id=GHz3t9COqgf6rD8ChpLD [info] Sent 200 in 7ms on GET /api/v2/main-page/indexing-status?
2025-12-01T02:52:02.883 application=api_v2 request_id=GHz3t9Eq6pdDgGoChpLj [info] Sent 501 in 79µs on GET /api/v2/proxy/account-abstraction/status?
2025-12-01T02:52:07.894 application=api_v2 request_id=GHz3uPtqT2thNDMChpPj [info] Sent 200 in 7ms on GET /api/v2/main-page/indexing-status?
2025-12-01T02:52:07.897 application=api_v2 request_id=GHz3uPwJovX7QRgCLFro [info] Sent 501 in 79µs on GET /api/v2/proxy/account-abstraction/status?
2025-12-01T02:52:12.908 application=api_v2 request_id=GHz3uiZKw01ac1sCLF3I [info] Sent 200 in 7ms on GET /api/v2/main-page/indexing-status?
2025-12-01T02:52:12.911 application=api_v2 request_id=GHz3uibfohMaIzECLF3o [info] Sent 501 in 96µs on GET /api/v2/proxy/account-abstraction/status?
2025-12-01T02:52:17.921 application=api_v2 request_id=GHz3u1Eda6YbShUChpqj [info] Sent 200 in 7ms on GET /api/v2/main-page/indexing-status?
2025-12-01T02:52:17.924 application=api_v2 request_id=GHz3u1GunGfm5AECLGKo [info] Sent 501 in 78µs on GET /api/v2/proxy/account-abstraction/status?
2025-12-01T02:52:22.935 application=api_v2 request_id=GHz3vHvuphSsQPwCLGnI [info] Sent 200 in 7ms on GET /api/v2/main-page/indexing-status?
2025-12-01T02:52:22.937 application=api_v2 request_id=GHz3vHyGB4pEdZ8Cg7xm [info] Sent 501 in 80µs on GET /api/v2/proxy/account-abstraction/status?
2025-12-01T02:52:27.948 application=api_v2 request_id=GHz3vabBK3t3mwkCLGzo [info] Sent 200 in 7ms on GET /api/v2/main-page/indexing-status?
2025-12-01T02:52:27.951 application=api_v2 request_id=GHz3vadd9hoMSs0CLG0I [info] Sent 501 in 79µs on GET /api/v2/proxy/account-abstraction/status?
2025-12-01T02:52:32.963 application=api_v2 request_id=GHz3vtGpRFzamTsCg8YG [info] Sent 200 in 7ms on GET /api/v2/main-page/indexing-status?
2025-12-01T02:52:32.966 application=api_v2 request_id=GHz3vtJFXonAi7sCg8Ym [info] Sent 501 in 79µs on GET /api/v2/proxy/account-abstraction/status?
2025-12-01T02:52:37.977 application=api_v2 request_id=GHz3v_yEPIBZ2h4Cg84m [info] Sent 200 in 7ms on GET /api/v2/main-page/indexing-status?
2025-12-01T02:52:37.980 application=api_v2 request_id=GHz3v_0dOGWV12gCLHRo [info] Sent 501 in 81µs on GET /api/v2/proxy/account-abstraction/status?
2025-12-01T02:52:42.991 application=api_v2 request_id=GHz3wSdedotWdPMCLHco [info] Sent 200 in 7ms on GET /api/v2/main-page/indexing-status?
2025-12-01T02:52:42.994 application=api_v2 request_id=GHz3wSf3Eptx_NkCLHdI [info] Sent 501 in 84µs on GET /api/v2/proxy/account-abstraction/status?
2025-12-01T02:52:48.001 application=api_v2 request_id=GHz3wlIxig5amfsCLHno [info] Sent 200 in 4ms on GET /api/v2/main-page/indexing-status?
2025-12-01T02:52:48.003 application=api_v2 request_id=GHz3wlKO5jeL_QYCg9Nm [info] Sent 501 in 63µs on GET /api/v2/proxy/account-abstraction/status?
2025-12-01T02:52:53.014 application=api_v2 request_id=GHz3w3zH0WZlfiICg9Xm [info] Sent 200 in 7ms on GET /api/v2/main-page/indexing-status?
2025-12-01T02:52:53.017 application=api_v2 request_id=GHz3w31ryXL0GtkCg9YG [info] Sent 501 in 98µs on GET /api/v2/proxy/account-abstraction/status?
2025-12-01T02:52:58.028 application=api_v2 request_id=GHz3xKeueaZg1FACg9sm [info] Sent 200 in 6ms on GET /api/v2/main-page/indexing-status?
2025-12-01T02:52:58.031 application=api_v2 request_id=GHz3xKhABNVA1KsCg9tG [info] Sent 501 in 78µs on GET /api/v2/proxy/account-abstraction/status?
2025-12-01T02:53:03.043 application=api_v2 request_id=GHz3xdKLbU3VkEsCg-FG [info] Sent 200 in 7ms on GET /api/v2/main-page/indexing-status?
2025-12-01T02:53:03.045 application=api_v2 request_id=GHz3xdMlakdjZFoCt_3B [info] Sent 501 in 68µs on GET /api/v2/proxy/account-abstraction/status?
2025-12-01T02:53:08.057 application=api_v2 request_id=GHz3xv1kYyZ5t6wCt_6h [info] Sent 200 in 7ms on GET /api/v2/main-page/indexing-status?
2025-12-01T02:53:08.059 application=api_v2 request_id=GHz3xv4AmEq1TqECiKIl [info] Sent 501 in 85µs on GET /api/v2/proxy/account-abstraction/status?
2025-12-01T02:53:13.072 application=api_v2 request_id=GHz3yChGytyChzcCg-fG [info] Sent 200 in 8ms on GET /api/v2/main-page/indexing-status?
2025-12-01T02:53:13.075 application=api_v2 request_id=GHz3yCjs9JL3_DoChr-j [info] Sent 501 in 92µs on GET /api/v2/proxy/account-abstraction/status?
2025-12-01T02:53:18.086 application=api_v2 request_id=GHz3yVMlquU2XlgCg-wm [info] Sent 200 in 7ms on GET /api/v2/main-page/indexing-status?
2025-12-01T02:53:18.088 application=api_v2 request_id=GHz3yVPFhZhDtd0Cg-xG [info] Sent 501 in 81µs on GET /api/v2/proxy/account-abstraction/status?
2025-12-01T02:53:23.101 application=api_v2 request_id=GHz3yn4PKJ2sW58Cg_Fm [info] Sent 200 in 7ms on GET /api/v2/main-page/indexing-status?
2025-12-01T02:53:23.104 application=api_v2 request_id=GHz3yn616HsqnRACiKvl [info] Sent 501 in 82µs on GET /api/v2/proxy/account-abstraction/status?
2025-12-01T02:53:28.114 application=api_v2 request_id=GHz3y6jz9pG7RG8CLJ9o [info] Sent 200 in 6ms on GET /api/v2/main-page/indexing-status?
2025-12-01T02:53:28.116 application=api_v2 request_id=GHz3y6l-O7tV0TcCuBAh [info] Sent 501 in 74µs on GET /api/v2/proxy/account-abstraction/status?
2025-12-01T02:53:33.129 application=api_v2 request_id=GHz3zNPAGs4wk9MCLKGo [info] Sent 200 in 8ms on GET /api/v2/main-page/indexing-status?
2025-12-01T02:53:33.131 application=api_v2 request_id=GHz3zNRndXqhSaQCg_tG [info] Sent 501 in 79µs on GET /api/v2/proxy/account-abstraction/status?
2025-12-01T02:53:38.142 application=api_v2 request_id=GHz3zf6sF4hmX2gCLKNo [info] Sent 200 in 6ms on GET /api/v2/main-page/indexing-status?
2025-12-01T02:53:38.145 application=api_v2 request_id=GHz3zf86QP0ySswChADG [info] Sent 501 in 113µs on GET /api/v2/proxy/account-abstraction/status?
2025-12-01T02:53:43.157 application=api_v2 request_id=GHz3zymCvPh3SkIChALm [info] Sent 200 in 7ms on GET /api/v2/main-page/indexing-status?
2025-12-01T02:53:43.160 application=api_v2 request_id=GHz3zyohzkD91fkCuBbh [info] Sent 501 in 113µs on GET /api/v2/proxy/account-abstraction/status?
2025-12-01T02:53:48.168 application=api_v2 request_id=GHz30FRhldWLp-8CuBpB [info] Sent 200 in 4ms on GET /api/v2/main-page/indexing-status?
2025-12-01T02:53:48.169 application=api_v2 request_id=GHz30FTAceSqtGkCuBph [info] Sent 501 in 51µs on GET /api/v2/proxy/account-abstraction/status?
2025-12-01T02:53:53.177 application=api_v2 request_id=GHz30X78UDaQYQgCuCBB [info] Sent 200 in 4ms on GET /api/v2/main-page/indexing-status?
2025-12-01T02:53:53.179 application=api_v2 request_id=GHz30X9V68GAjzICiLol [info] Sent 501 in 41µs on GET /api/v2/proxy/account-abstraction/status?
2025-12-01T02:53:58.186 application=api_v2 request_id=GHz30qmF4RRkPY0ChAsm [info] Sent 200 in 4ms on GET /api/v2/main-page/indexing-status?
2025-12-01T02:53:58.188 application=api_v2 request_id=GHz30qnlITEasYICuCdB [info] Sent 501 in 64µs on GET /api/v2/proxy/account-abstraction/status?
2025-12-01T02:54:03.199 application=api_v2 request_id=GHz309QZTePea3wChA2G [info] Sent 200 in 7ms on GET /api/v2/main-page/indexing-status?
2025-12-01T02:54:03.201 application=api_v2 request_id=GHz309S4kRXSiWQChA2m [info] Sent 501 in 95µs on GET /api/v2/proxy/account-abstraction/status?
2025-12-01T02:54:08.213 application=api_v2 request_id=GHz31P78zuVNEkgChBOm [info] Sent 200 in 7ms on GET /api/v2/main-page/indexing-status?
2025-12-01T02:54:08.215 application=api_v2 request_id=GHz31P-QU7_t0yMChBPG [info] Sent 501 in 79µs on GET /api/v2/proxy/account-abstraction/status?
2025-12-01T02:54:13.227 application=api_v2 request_id=GHz31inaTB7uQBYCecUH [info] Sent 200 in 7ms on GET /api/v2/main-page/indexing-status?
2025-12-01T02:54:13.230 application=api_v2 request_id=GHz31ip27FGZDukChBZG [info] Sent 501 in 79µs on GET /api/v2/proxy/account-abstraction/status?
2025-12-01T02:54:18.241 application=api_v2 request_id=GHz311Sqrvh5sPcChBim [info] Sent 200 in 7ms on GET /api/v2/main-page/indexing-status?
2025-12-01T02:54:18.243 application=api_v2 request_id=GHz311VHCyvRzHcChBjG [info] Sent 501 in 80µs on GET /api/v2/proxy/account-abstraction/status?
2025-12-01T02:54:23.254 application=api_v2 request_id=GHz32H-JrFOryRMChB4G [info] Sent 200 in 6ms on GET /api/v2/main-page/indexing-status?
2025-12-01T02:54:23.256 application=api_v2 request_id=GHz32IAPusDGD6gChB4m [info] Sent 501 in 52µs on GET /api/v2/proxy/account-abstraction/status?
2025-12-01T02:54:28.267 application=api_v2 request_id=GHz32apM0dHkS-cChB9m [info] Sent 200 in 7ms on GET /api/v2/main-page/indexing-status?
2025-12-01T02:54:28.270 application=api_v2 request_id=GHz32arlWOIIH8UChB-G [info] Sent 501 in 76µs on GET /api/v2/proxy/account-abstraction/status?
2025-12-01T02:54:33.281 application=api_v2 request_id=GHz32tUlLOxQEmMChCKm [info] Sent 200 in 7ms on GET /api/v2/main-page/indexing-status?
2025-12-01T02:54:33.283 application=api_v2 request_id=GHz32tW_NI77BAQChCLG [info] Sent 501 in 81µs on GET /api/v2/proxy/account-abstraction/status?
2025-12-01T02:54:38.294 application=api_v2 request_id=GHz33AAAkPtae3ECLMho [info] Sent 200 in 6ms on GET /api/v2/main-page/indexing-status?
2025-12-01T02:54:38.297 application=api_v2 request_id=GHz33ACNAdfoG6ICLMiI [info] Sent 501 in 125µs on GET /api/v2/proxy/account-abstraction/status?
2025-12-01T02:54:43.308 application=api_v2 request_id=GHz33SrOgd50gx8ChC0m [info] Sent 200 in 7ms on GET /api/v2/main-page/indexing-status?
2025-12-01T02:54:43.310 application=api_v2 request_id=GHz33Stn3FiVxfEChC1G [info] Sent 501 in 79µs on GET /api/v2/proxy/account-abstraction/status?
2025-12-01T02:54:48.321 application=api_v2 request_id=GHz33lWmIPrclogChw2D [info] Sent 200 in 7ms on GET /api/v2/main-page/indexing-status?
2025-12-01T02:54:48.324 application=api_v2 request_id=GHz33lY8KsrUqYUChw2j [info] Sent 501 in 79µs on GET /api/v2/proxy/account-abstraction/status?
2025-12-01T02:54:53.335 application=api_v2 request_id=GHz334B9PmhUHgIChxQD [info] Sent 200 in 7ms on GET /api/v2/main-page/indexing-status?
2025-12-01T02:54:53.338 application=api_v2 request_id=GHz334EWhbbNIj4ChxQj [info] Sent 501 in 78µs on GET /api/v2/proxy/account-abstraction/status?
2025-12-01T02:54:58.346 application=api_v2 request_id=GHz34KtOAovlYVwChxaD [info] Sent 200 in 4ms on GET /api/v2/main-page/indexing-status?
2025-12-01T02:54:58.347 application=api_v2 request_id=GHz34Kuqijrg4pAChxaj [info] Sent 501 in 47µs on GET /api/v2/proxy/account-abstraction/status?
2025-12-01T02:55:03.354 application=api_v2 request_id=GHz34dXej8i46m0ChxpD [info] Sent 200 in 4ms on GET /api/v2/main-page/indexing-status?
2025-12-01T02:55:03.356 application=api_v2 request_id=GHz34dY5RVLnNOwChxpj [info] Sent 501 in 43µs on GET /api/v2/proxy/account-abstraction/status?
2025-12-01T02:55:08.363 application=api_v2 request_id=GHz34wBm1hhWyYEChxwD [info] Sent 200 in 4ms on GET /api/v2/main-page/indexing-status?
2025-12-01T02:55:08.364 application=api_v2 request_id=GHz34wC8hry5oagChxwj [info] Sent 501 in 41µs on GET /api/v2/proxy/account-abstraction/status?
2025-12-01T02:55:13.373 application=api_v2 request_id=GHz35CrqEoQ9rMQCuFRB [info] Sent 200 in 5ms on GET /api/v2/main-page/indexing-status?
2025-12-01T02:55:13.375 application=api_v2 request_id=GHz35CthGLbW0lICuFRh [info] Sent 501 in 53µs on GET /api/v2/proxy/account-abstraction/status?
2025-12-01T02:55:18.386 application=api_v2 request_id=GHz35VWeUiP3e2MChyND [info] Sent 200 in 8ms on GET /api/v2/main-page/indexing-status?
2025-12-01T02:55:18.389 application=api_v2 request_id=GHz35VY-lwXxMLYChFBG [info] Sent 501 in 79µs on GET /api/v2/proxy/account-abstraction/status?
2025-12-01T02:55:23.400 application=api_v2 request_id=GHz35oB-FMYZFQ8ChydD [info] Sent 200 in 7ms on GET /api/v2/main-page/indexing-status?
2025-12-01T02:55:23.403 application=api_v2 request_id=GHz35oEZx-OizjsChFDm [info] Sent 501 in 101µs on GET /api/v2/proxy/account-abstraction/status?
2025-12-01T02:55:28.415 application=api_v2 request_id=GHz356tkqCqzGAACiO6F [info] Sent 200 in 7ms on GET /api/v2/main-page/indexing-status?
2025-12-01T02:55:28.418 application=api_v2 request_id=GHz356wDHwgMsjQCiO6l [info] Sent 501 in 79µs on GET /api/v2/proxy/account-abstraction/status?
2025-12-01T02:55:33.429 application=api_v2 request_id=GHz36NY7sw20PRcCiPAF [info] Sent 200 in 7ms on GET /api/v2/main-page/indexing-status?
2025-12-01T02:55:33.431 application=api_v2 request_id=GHz36NbV3kQeTKgCiPAl [info] Sent 501 in 79µs on GET /api/v2/proxy/account-abstraction/status?
2025-12-01T02:55:38.442 application=api_v2 request_id=GHz36gEVHijW9ZQChzlj [info] Sent 200 in 7ms on GET /api/v2/main-page/indexing-status?
2025-12-01T02:55:38.445 application=api_v2 request_id=GHz36gGwQOLxFMgChTti [info] Sent 501 in 79µs on GET /api/v2/proxy/account-abstraction/status?
2025-12-01T02:55:43.456 application=api_v2 request_id=GHz36yvyc3J64VsChz3D [info] Sent 200 in 7ms on GET /api/v2/main-page/indexing-status?
2025-12-01T02:55:43.459 application=api_v2 request_id=GHz36yyJi-2BvBsChz3j [info] Sent 501 in 77µs on GET /api/v2/proxy/account-abstraction/status?
2025-12-01T02:55:48.471 application=api_v2 request_id=GHz37FbTmG8wzRkCh0MD [info] Sent 200 in 7ms on GET /api/v2/main-page/indexing-status?
2025-12-01T02:55:48.474 application=api_v2 request_id=GHz37FdtOvi4yAECh0Mj [info] Sent 501 in 102µs on GET /api/v2/proxy/account-abstraction/status?
2025-12-01T02:55:53.485 application=api_v2 request_id=GHz37YGxCcHwxToCh0fj [info] Sent 200 in 7ms on GET /api/v2/main-page/indexing-status?
2025-12-01T02:55:53.488 application=api_v2 request_id=GHz37YJP5dv4P4wCh0gD [info] Sent 501 in 78µs on GET /api/v2/proxy/account-abstraction/status?
2025-12-01T02:55:58.499 application=api_v2 request_id=GHz37qyUDP7d5wYCh09D [info] Sent 200 in 7ms on GET /api/v2/main-page/indexing-status?
2025-12-01T02:55:58.502 application=api_v2 request_id=GHz37q0mk_nbgOICh09j [info] Sent 501 in 80µs on GET /api/v2/proxy/account-abstraction/status?
2025-12-01T02:56:03.513 application=api_v2 request_id=GHz379dnJiSQyOQCh1Lj [info] Sent 200 in 7ms on GET /api/v2/main-page/indexing-status?
2025-12-01T02:56:03.516 application=api_v2 request_id=GHz379gIYkEORnMCh1MD [info] Sent 501 in 73µs on GET /api/v2/proxy/account-abstraction/status?
2025-12-01T02:56:08.528 application=api_v2 request_id=GHz38QJJcd4wfDUCh1Xj [info] Sent 200 in 8ms on GET /api/v2/main-page/indexing-status?
2025-12-01T02:56:08.531 application=api_v2 request_id=GHz38QLwIUckaykChG0G [info] Sent 501 in 80µs on GET /api/v2/proxy/account-abstraction/status?
2025-12-01T02:56:13.540 application=api_v2 request_id=GHz38i0s3rgs9FQCh1Yj [info] Sent 200 in 5ms on GET /api/v2/main-page/indexing-status?
2025-12-01T02:56:13.542 application=api_v2 request_id=GHz38i2a-v1cYZwCh1ZD [info] Sent 501 in 58µs on GET /api/v2/proxy/account-abstraction/status?
2025-12-01T02:56:18.553 application=api_v2 request_id=GHz381fTudTBRSsChHJm [info] Sent 200 in 7ms on GET /api/v2/main-page/indexing-status?
2025-12-01T02:56:18.555 application=api_v2 request_id=GHz381hvqffdXNMCLOAI [info] Sent 501 in 82µs on GET /api/v2/proxy/account-abstraction/status?
2025-12-01T02:56:23.568 application=api_v2 request_id=GHz39IK3p-nxAd4ChHRm [info] Sent 200 in 8ms on GET /api/v2/main-page/indexing-status?
2025-12-01T02:56:23.570 application=api_v2 request_id=GHz39INedKWWdb0ChHSG [info] Sent 501 in 79µs on GET /api/v2/proxy/account-abstraction/status?
2025-12-01T02:56:28.582 application=api_v2 request_id=GHz39a2X_Q83b18ChHim [info] Sent 200 in 7ms on GET /api/v2/main-page/indexing-status?
2025-12-01T02:56:28.584 application=api_v2 request_id=GHz39a435ZlKU6MChHjG [info] Sent 501 in 79µs on GET /api/v2/proxy/account-abstraction/status?
2025-12-01T02:56:33.596 application=api_v2 request_id=GHz39th7TLuVdZoChHvG [info] Sent 200 in 7ms on GET /api/v2/main-page/indexing-status?
2025-12-01T02:56:33.599 application=api_v2 request_id=GHz39tkTduP-fJMChHvm [info] Sent 501 in 111µs on GET /api/v2/proxy/account-abstraction/status?
2025-12-01T02:56:38.611 application=api_v2 request_id=GHz3-ANcUPryteIChH2m [info] Sent 200 in 8ms on GET /api/v2/main-page/indexing-status?
2025-12-01T02:56:38.614 application=api_v2 request_id=GHz3-AQCsOvqC4UChH3G [info] Sent 501 in 98µs on GET /api/v2/proxy/account-abstraction/status?
2025-12-01T02:56:43.625 application=api_v2 request_id=GHz3-S5EZdUQqEkChW_C [info] Sent 200 in 7ms on GET /api/v2/main-page/indexing-status?
2025-12-01T02:56:43.629 application=api_v2 request_id=GHz3-S7onp3eOV0ChH7m [info] Sent 501 in 85µs on GET /api/v2/proxy/account-abstraction/status?
2025-12-01T02:56:48.640 application=api_v2 request_id=GHz3-lktsblRqM4CLO-o [info] Sent 200 in 7ms on GET /api/v2/main-page/indexing-status?
2025-12-01T02:56:48.643 application=api_v2 request_id=GHz3-lnLFG-qjIsChIHm [info] Sent 501 in 78µs on GET /api/v2/proxy/account-abstraction/status?
2025-12-01T02:56:53.653 application=api_v2 request_id=GHz3-4QKMewCzkoCuLTh [info] Sent 200 in 5ms on GET /api/v2/main-page/indexing-status?
2025-12-01T02:56:53.654 application=api_v2 request_id=GHz3-4SEX23Ye3oCuLUB [info] Sent 501 in 72µs on GET /api/v2/proxy/account-abstraction/status?
2025-12-01T02:56:58.666 application=api_v2 request_id=GHz3_K7ILk2VHcYChITG [info] Sent 200 in 7ms on GET /api/v2/main-page/indexing-status?
2025-12-01T02:56:58.669 application=api_v2 request_id=GHz3_K9mIU7dQUcCuLkh [info] Sent 501 in 78µs on GET /api/v2/proxy/account-abstraction/status?
2025-12-01T02:57:03.680 application=api_v2 request_id=GHz3_dmZeNopjFUChIXG [info] Sent 200 in 8ms on GET /api/v2/main-page/indexing-status?
2025-12-01T02:57:03.683 application=api_v2 request_id=GHz3_do7ys72t9QChIXm [info] Sent 501 in 79µs on GET /api/v2/proxy/account-abstraction/status?
2025-12-01T02:57:08.694 application=api_v2 request_id=GHz3_wR7sZCnQO0ChIlG [info] Sent 200 in 7ms on GET /api/v2/main-page/indexing-status?
2025-12-01T02:57:08.697 application=api_v2 request_id=GHz3_wUccWJ6feIChIlm [info] Sent 501 in 79µs on GET /api/v2/proxy/account-abstraction/status?
2025-12-01T02:57:13.708 application=api_v2 request_id=GHz4AC9VFhONN4oCuMjh [info] Sent 200 in 7ms on GET /api/v2/main-page/indexing-status?
2025-12-01T02:57:13.710 application=api_v2 request_id=GHz4AC_wzNCpDeYChIvm [info] Sent 501 in 79µs on GET /api/v2/proxy/account-abstraction/status?
2025-12-01T02:57:18.719 application=api_v2 request_id=GHz4AVovkSjpB_8ChI5G [info] Sent 200 in 4ms on GET /api/v2/main-page/indexing-status?
2025-12-01T02:57:18.720 application=api_v2 request_id=GHz4AVqPVgpBbAYCiTJl [info] Sent 501 in 48µs on GET /api/v2/proxy/account-abstraction/status?
2025-12-01T02:57:23.731 application=api_v2 request_id=GHz4AoTHgNmFUXACuNTB [info] Sent 200 in 7ms on GET /api/v2/main-page/indexing-status?
2025-12-01T02:57:23.734 application=api_v2 request_id=GHz4AoVeYvCQbHgCekPH [info] Sent 501 in 77µs on GET /api/v2/proxy/account-abstraction/status?
2025-12-01T02:57:28.745 application=api_v2 request_id=GHz4A6-gK43Dd3cCuNph [info] Sent 200 in 7ms on GET /api/v2/main-page/indexing-status?
2025-12-01T02:57:28.747 application=api_v2 request_id=GHz4A7A3Nj_GKnECuNqB [info] Sent 501 in 79µs on GET /api/v2/proxy/account-abstraction/status?
2025-12-01T02:57:33.759 application=api_v2 request_id=GHz4BNp5-RrJeeICuN9h [info] Sent 200 in 7ms on GET /api/v2/main-page/indexing-status?
2025-12-01T02:57:33.761 application=api_v2 request_id=GHz4BNsSfwUC6WACuN-B [info] Sent 501 in 79µs on GET /api/v2/proxy/account-abstraction/status?
2025-12-01T02:57:38.773 application=api_v2 request_id=GHz4BgVTs1zeXjwCuOFB [info] Sent 200 in 7ms on GET /api/v2/main-page/indexing-status?
2025-12-01T02:57:38.775 application=api_v2 request_id=GHz4BgXuzS3dbckCuOFh [info] Sent 501 in 79µs on GET /api/v2/proxy/account-abstraction/status?
2025-12-01T02:57:43.787 application=api_v2 request_id=GHz4BzAsnmMdjloCuOUh [info] Sent 200 in 7ms on GET /api/v2/main-page/indexing-status?
2025-12-01T02:57:43.790 application=api_v2 request_id=GHz4BzDLt1L5BWICuOVB [info] Sent 501 in 78µs on GET /api/v2/proxy/account-abstraction/status?
2025-12-01T02:57:48.801 application=api_v2 request_id=GHz4CFsLKobmu08CelRH [info] Sent 200 in 7ms on GET /api/v2/main-page/indexing-status?
2025-12-01T02:57:48.804 application=api_v2 request_id=GHz4CFuk0N6LHTwCuOgB [info] Sent 501 in 161µs on GET /api/v2/proxy/account-abstraction/status?
2025-12-01T02:57:53.814 application=api_v2 request_id=GHz4CYXjyIntmhwCLQlo [info] Sent 200 in 7ms on GET /api/v2/main-page/indexing-status?
2025-12-01T02:57:53.817 application=api_v2 request_id=GHz4CYZ5WEcHcoACLQmI [info] Sent 501 in 79µs on GET /api/v2/proxy/account-abstraction/status?
2025-12-01T02:57:58.827 application=api_v2 request_id=GHz4CrCttnPO9VoCLQoI [info] Sent 200 in 7ms on GET /api/v2/main-page/indexing-status?
2025-12-01T02:57:58.830 application=api_v2 request_id=GHz4CrFD5tg4mVcCLQoo [info] Sent 501 in 78µs on GET /api/v2/proxy/account-abstraction/status?
2025-12-01T02:58:03.841 application=api_v2 request_id=GHz4C9uBDayV-j8CLRCo [info] Sent 200 in 7ms on GET /api/v2/main-page/indexing-status?
2025-12-01T02:58:03.843 application=api_v2 request_id=GHz4C9waFR5vMfACLRDI [info] Sent 501 in 77µs on GET /api/v2/proxy/account-abstraction/status?
2025-12-01T02:58:08.855 application=api_v2 request_id=GHz4DQZbvNvwURMCLROI [info] Sent 200 in 7ms on GET /api/v2/main-page/indexing-status?
2025-12-01T02:58:08.858 application=api_v2 request_id=GHz4DQb40F2hpbsCLROo [info] Sent 501 in 91µs on GET /api/v2/proxy/account-abstraction/status?
2025-12-01T02:58:13.869 application=api_v2 request_id=GHz4DjE3p0BxJzYCLRiI [info] Sent 200 in 7ms on GET /api/v2/main-page/indexing-status?
2025-12-01T02:58:13.871 application=api_v2 request_id=GHz4DjHOYzLHKo4CLRio [info] Sent 501 in 75µs on GET /api/v2/proxy/account-abstraction/status?
2025-12-01T02:58:18.882 application=api_v2 request_id=GHz4D1wMkzcnjOwCuPfh [info] Sent 200 in 7ms on GET /api/v2/main-page/indexing-status?
2025-12-01T02:58:18.885 application=api_v2 request_id=GHz4D1yjvbaNOR4CuPgB [info] Sent 501 in 78µs on GET /api/v2/proxy/account-abstraction/status?
2025-12-01T02:58:23.895 application=api_v2 request_id=GHz4EIbd7ps5ha4CLSHo [info] Sent 200 in 6ms on GET /api/v2/main-page/indexing-status?
2025-12-01T02:58:23.898 application=api_v2 request_id=GHz4EIduhrD1AO8CLSII [info] Sent 501 in 77µs on GET /api/v2/proxy/account-abstraction/status?
2025-12-01T02:58:28.907 application=api_v2 request_id=GHz4EbGqHyobJYwCiGnE [info] Sent 200 in 5ms on GET /api/v2/main-page/indexing-status?
2025-12-01T02:58:28.909 application=api_v2 request_id=GHz4EbIf399dlo4CLSLI [info] Sent 501 in 46µs on GET /api/v2/proxy/account-abstraction/status?
2025-12-01T02:58:33.920 application=api_v2 request_id=GHz4EtxWhuKjWG8CLSQo [info] Sent 200 in 7ms on GET /api/v2/main-page/indexing-status?
2025-12-01T02:58:33.922 application=api_v2 request_id=GHz4Etz0FQEUJNkCLSRI [info] Sent 501 in 76µs on GET /api/v2/proxy/account-abstraction/status?
2025-12-01T02:58:38.933 application=api_v2 request_id=GHz4FAcz2V0rxBQCLSWI [info] Sent 200 in 7ms on GET /api/v2/main-page/indexing-status?
2025-12-01T02:58:38.936 application=api_v2 request_id=GHz4FAfK7Mk1NCACLSWo [info] Sent 501 in 78µs on GET /api/v2/proxy/account-abstraction/status?
2025-12-01T02:58:43.948 application=api_v2 request_id=GHz4FTITzjPjjtoCLSZI [info] Sent 200 in 7ms on GET /api/v2/main-page/indexing-status?
2025-12-01T02:58:43.951 application=api_v2 request_id=GHz4FTKtGLBrRDUCLSZo [info] Sent 501 in 94µs on GET /api/v2/proxy/account-abstraction/status?
2025-12-01T02:58:48.962 application=api_v2 request_id=GHz4Flzv9sPPsYcCuQ4B [info] Sent 200 in 7ms on GET /api/v2/main-page/indexing-status?
2025-12-01T02:58:48.964 application=api_v2 request_id=GHz4Fl2Fjsr3ebsCLSmo [info] Sent 501 in 77µs on GET /api/v2/proxy/account-abstraction/status?
2025-12-01T02:58:53.976 application=api_v2 request_id=GHz4F4fClU3UvSkCLSvI [info] Sent 200 in 7ms on GET /api/v2/main-page/indexing-status?
2025-12-01T02:58:53.978 application=api_v2 request_id=GHz4F4hed-hxtvcCLSvo [info] Sent 501 in 78µs on GET /api/v2/proxy/account-abstraction/status?
2025-12-01T02:58:58.990 application=api_v2 request_id=GHz4GLKc5e6oqJECLSxI [info] Sent 200 in 7ms on GET /api/v2/main-page/indexing-status?
2025-12-01T02:58:58.992 application=api_v2 request_id=GHz4GLM6Fs5uGo0CLSxo [info] Sent 501 in 79µs on GET /api/v2/proxy/account-abstraction/status?
2025-12-01T02:59:04.000 application=api_v2 request_id=GHz4Gd11k96LT80CLS6o [info] Sent 200 in 4ms on GET /api/v2/main-page/indexing-status?
2025-12-01T02:59:04.002 application=api_v2 request_id=GHz4Gd3XkIemN78CiYDF [info] Sent 501 in 49µs on GET /api/v2/proxy/account-abstraction/status?
2025-12-01T02:59:09.014 application=api_v2 request_id=GHz4GwgQ3GXI8cACLTRI [info] Sent 200 in 8ms on GET /api/v2/main-page/indexing-status?
2025-12-01T02:59:09.017 application=api_v2 request_id=GHz4Gwi5IgSgKPwCLTRo [info] Sent 501 in 79µs on GET /api/v2/proxy/account-abstraction/status?
2025-12-01T02:59:14.027 application=api_v2 request_id=GHz4HDL6GVSlM44CLTmI [info] Sent 200 in 6ms on GET /api/v2/main-page/indexing-status?
2025-12-01T02:59:14.030 application=api_v2 request_id=GHz4HDOKk-aB7EACLTmo [info] Sent 501 in 80µs on GET /api/v2/proxy/account-abstraction/status?
2025-12-01T02:59:19.042 application=api_v2 request_id=GHz4HV3WlyUecgYCLTzo [info] Sent 200 in 7ms on GET /api/v2/main-page/indexing-status?
2025-12-01T02:59:19.045 application=api_v2 request_id=GHz4HV51rJ_coh4CLT0I [info] Sent 501 in 92µs on GET /api/v2/proxy/account-abstraction/status?
2025-12-01T02:59:24.055 application=api_v2 request_id=GHz4Hoitc98jrdYCLT5I [info] Sent 200 in 7ms on GET /api/v2/main-page/indexing-status?
2025-12-01T02:59:24.058 application=api_v2 request_id=GHz4HolJju0yRZwCLT5o [info] Sent 501 in 79µs on GET /api/v2/proxy/account-abstraction/status?
2025-12-01T02:59:29.070 application=api_v2 request_id=GHz4H7OLGpNgNGMCLUGI [info] Sent 200 in 7ms on GET /api/v2/main-page/indexing-status?
2025-12-01T02:59:29.072 application=api_v2 request_id=GHz4H7QlbirDv84CLUGo [info] Sent 501 in 78µs on GET /api/v2/proxy/account-abstraction/status?
2025-12-01T02:59:34.081 application=api_v2 request_id=GHz4IN5lcMOqYIECLUKI [info] Sent 200 in 5ms on GET /api/v2/main-page/indexing-status?
2025-12-01T02:59:34.084 application=api_v2 request_id=GHz4IN7ZgjGDRDoCLUKo [info] Sent 501 in 69µs on GET /api/v2/proxy/account-abstraction/status?
2025-12-01T02:59:39.094 application=api_v2 request_id=GHz4IgkQAS5gQk8ChcuC [info] Sent 200 in 7ms on GET /api/v2/main-page/indexing-status?
2025-12-01T02:59:39.097 application=api_v2 request_id=GHz4Igmme-DbVCYCLUNI [info] Sent 501 in 79µs on GET /api/v2/proxy/account-abstraction/status?
2025-12-01T02:59:44.108 application=api_v2 request_id=GHz4IzPm5QdwXqgCLUSI [info] Sent 200 in 7ms on GET /api/v2/main-page/indexing-status?
2025-12-01T02:59:44.111 application=api_v2 request_id=GHz4IzR-jqKtIXYCLUSo [info] Sent 501 in 71µs on GET /api/v2/proxy/account-abstraction/status?
2025-12-01T02:59:49.121 application=api_v2 request_id=GHz4JF6-DYVMATACLUWo [info] Sent 200 in 6ms on GET /api/v2/main-page/indexing-status?
2025-12-01T02:59:49.124 application=api_v2 request_id=GHz4JF9MIgk_ySsCLUXI [info] Sent 501 in 79µs on GET /api/v2/proxy/account-abstraction/status?
2025-12-01T02:59:54.135 application=api_v2 request_id=GHz4JYmMWKOy5NsCerWn [info] Sent 200 in 7ms on GET /api/v2/main-page/indexing-status?
2025-12-01T02:59:54.138 application=api_v2 request_id=GHz4JYonXfAVCDQCLUio [info] Sent 501 in 78µs on GET /api/v2/proxy/account-abstraction/status?
2025-12-01T02:59:59.148 application=api_v2 request_id=GHz4JrRk2JznE2ECuTsh [info] Sent 200 in 7ms on GET /api/v2/main-page/indexing-status?
2025-12-01T02:59:59.152 application=api_v2 request_id=GHz4JrUAjZaMF04ChdmC [info] Sent 501 in 99µs on GET /api/v2/proxy/account-abstraction/status?
2025-12-01T03:00:04.159 application=api_v2 request_id=GHz4J988F6vOujYCh-Pj [info] Sent 200 in 4ms on GET /api/v2/main-page/indexing-status?
2025-12-01T03:00:04.161 application=api_v2 request_id=GHz4J9-VXZCqEOUCh-QD [info] Sent 501 in 53µs on GET /api/v2/proxy/account-abstraction/status?
2025-12-01T03:00:09.172 application=api_v2 request_id=GHz4KQnRiZPMf08Ch-dD [info] Sent 200 in 7ms on GET /api/v2/main-page/indexing-status?
2025-12-01T03:00:09.175 application=api_v2 request_id=GHz4KQpre-mQUOYCh-dj [info] Sent 501 in 78µs on GET /api/v2/proxy/account-abstraction/status?
2025-12-01T03:00:14.185 application=api_v2 request_id=GHz4KjSukEaibN8Ch-qD [info] Sent 200 in 6ms on GET /api/v2/main-page/indexing-status?
2025-12-01T03:00:14.188 application=api_v2 request_id=GHz4KjU7Enm-W3QCh-qj [info] Sent 501 in 70µs on GET /api/v2/proxy/account-abstraction/status?
2025-12-01T03:00:19.199 application=api_v2 request_id=GHz4K19xgRrzWu0Ch-_j [info] Sent 200 in 7ms on GET /api/v2/main-page/indexing-status?
2025-12-01T03:00:19.201 application=api_v2 request_id=GHz4K2ARjnhh7G0Ch_AD [info] Sent 501 in 78µs on GET /api/v2/proxy/account-abstraction/status?
2025-12-01T03:00:24.212 application=api_v2 request_id=GHz4LIpPTDZQkwgCh_JD [info] Sent 200 in 6ms on GET /api/v2/main-page/indexing-status?
2025-12-01T03:00:24.214 application=api_v2 request_id=GHz4LIrcOWUNu44Ch_Jj [info] Sent 501 in 79µs on GET /api/v2/proxy/account-abstraction/status?
2025-12-01T03:00:29.227 application=api_v2 request_id=GHz4LbUa36aALFwCuUoh [info] Sent 200 in 8ms on GET /api/v2/main-page/indexing-status?
2025-12-01T03:00:29.230 application=api_v2 request_id=GHz4LbXM1WK_rKICh_RD [info] Sent 501 in 106µs on GET /api/v2/proxy/account-abstraction/status?
2025-12-01T03:00:34.241 application=api_v2 request_id=GHz4LuATomhZ3SkCetaH [info] Sent 200 in 7ms on GET /api/v2/main-page/indexing-status?
2025-12-01T03:00:34.244 application=api_v2 request_id=GHz4LuCpXKvv1oMCetan [info] Sent 501 in 79µs on GET /api/v2/proxy/account-abstraction/status?
2025-12-01T03:00:39.255 application=api_v2 request_id=GHz4MArnm6Y-oiYCetgH [info] Sent 200 in 7ms on GET /api/v2/main-page/indexing-status?
2025-12-01T03:00:39.258 application=api_v2 request_id=GHz4MAt_WIK70MYCetgn [info] Sent 501 in 111µs on GET /api/v2/proxy/account-abstraction/status?
2025-12-01T03:00:44.264 application=api_v2 request_id=GHz4MTW0yqxnrFcCet2n [info] Sent 200 in 3ms on GET /api/v2/main-page/indexing-status?
2025-12-01T03:00:44.265 application=api_v2 request_id=GHz4MTYCGZoQXWkCLVfI [info] Sent 501 in 66µs on GET /api/v2/proxy/account-abstraction/status?
2025-12-01T03:00:49.276 application=api_v2 request_id=GHz4MmA5nbbG_WECet8H [info] Sent 200 in 7ms on GET /api/v2/main-page/indexing-status?
2025-12-01T03:00:49.279 application=api_v2 request_id=GHz4MmDSdfQ4TZACet8n [info] Sent 501 in 79µs on GET /api/v2/proxy/account-abstraction/status?
2025-12-01T03:00:54.290 application=api_v2 request_id=GHz4M4sQPhZTkvwCeuJn [info] Sent 200 in 7ms on GET /api/v2/main-page/indexing-status?
2025-12-01T03:00:54.293 application=api_v2 request_id=GHz4M4uquqZEqx8CeuKH [info] Sent 501 in 82µs on GET /api/v2/proxy/account-abstraction/status?
2025-12-01T03:00:59.303 application=api_v2 request_id=GHz4NLX5Tfybf0QCiMok [info] Sent 200 in 5ms on GET /api/v2/main-page/indexing-status?
2025-12-01T03:00:59.305 application=api_v2 request_id=GHz4NLZwYxYJ7zsChReG [info] Sent 501 in 58µs on GET /api/v2/proxy/account-abstraction/status?
2025-12-01T03:01:04.318 application=api_v2 request_id=GHz4NeDCo6fkFskCiMrk [info] Sent 200 in 8ms on GET /api/v2/main-page/indexing-status?
2025-12-01T03:01:04.321 application=api_v2 request_id=GHz4NeFtMvkeRAECiANj [info] Sent 501 in 77µs on GET /api/v2/proxy/account-abstraction/status?
2025-12-01T03:01:09.333 application=api_v2 request_id=GHz4NwuyEFXoPXQChSMG [info] Sent 200 in 7ms on GET /api/v2/main-page/indexing-status?
2025-12-01T03:01:09.336 application=api_v2 request_id=GHz4NwxO7lcGpmUChSMm [info] Sent 501 in 98µs on GET /api/v2/proxy/account-abstraction/status?
2025-12-01T03:01:14.347 application=api_v2 request_id=GHz4ODaQC265NRwChSbm [info] Sent 200 in 7ms on GET /api/v2/main-page/indexing-status?
2025-12-01T03:01:14.350 application=api_v2 request_id=GHz4ODctk1t3swUCuWPh [info] Sent 501 in 79µs on GET /api/v2/proxy/account-abstraction/status?
2025-12-01T03:01:19.361 application=api_v2 request_id=GHz4OWFf64nN1BoChSsm [info] Sent 200 in 7ms on GET /api/v2/main-page/indexing-status?
2025-12-01T03:01:19.364 application=api_v2 request_id=GHz4OWIEIli5nBYChStG [info] Sent 501 in 101µs on GET /api/v2/proxy/account-abstraction/status?
2025-12-01T03:01:24.375 application=api_v2 request_id=GHz4OoxEgphy2TIChS9m [info] Sent 200 in 8ms on GET /api/v2/main-page/indexing-status?
2025-12-01T03:01:24.378 application=api_v2 request_id=GHz4OozjPfylQIEChS-G [info] Sent 501 in 78µs on GET /api/v2/proxy/account-abstraction/status?
2025-12-01T03:01:29.389 application=api_v2 request_id=GHz4O7ciKdNbJEAChTIG [info] Sent 200 in 7ms on GET /api/v2/main-page/indexing-status?
2025-12-01T03:01:29.392 application=api_v2 request_id=GHz4O7e9L5S1rnQChTIm [info] Sent 501 in 78µs on GET /api/v2/proxy/account-abstraction/status?
2025-12-01T03:01:34.403 application=api_v2 request_id=GHz4POH0czgVA1UChTNG [info] Sent 200 in 7ms on GET /api/v2/main-page/indexing-status?
2025-12-01T03:01:34.406 application=api_v2 request_id=GHz4POKVWA9lT38CuWsB [info] Sent 501 in 83µs on GET /api/v2/proxy/account-abstraction/status?
2025-12-01T03:01:39.416 application=api_v2 request_id=GHz4PgzVlgm9V_MChTmm [info] Sent 200 in 7ms on GET /api/v2/main-page/indexing-status?
2025-12-01T03:01:39.419 application=api_v2 request_id=GHz4Pg1pbdSB1lQChTnG [info] Sent 501 in 111µs on GET /api/v2/proxy/account-abstraction/status?
2025-12-01T03:01:44.431 application=api_v2 request_id=GHz4PzewiUQbgt8ChTtm [info] Sent 200 in 7ms on GET /api/v2/main-page/indexing-status?
2025-12-01T03:01:44.434 application=api_v2 request_id=GHz4PzhNLnBLLLUCuXnB [info] Sent 501 in 98µs on GET /api/v2/proxy/account-abstraction/status?
